"","Longitude","Latitude","References","MAT","MAP","Vegetation","RSLR","CAR","TSM","mtidalrng","mhws","DEM.Elevation","Cyclong.frequency","modeledCN","NAR"
"1",-81.08,25.36,"Breithaupt et al. 2014",23.6,1269,"Mangrove",2.24,176,7.77,2.23,1.32,5.25,7.87,20.5086902877538,8.58172791780338
"2",-81.08,25.36,"Breithaupt et al. 2014",23.6,1269,"Mangrove",2.24,176,7.77,2.23,1.32,5.25,7.87,20.5086902877538,8.58172791780338
"3",-81.08,25.36,"Breithaupt et al. 2014",23.6,1269,"Mangrove",2.24,176,7.77,2.23,1.32,5.25,7.87,20.5086902877538,8.58172791780338
"4",-81.08,25.36,"Breithaupt et al. 2014",23.6,1269,"Mangrove",2.24,176,7.77,2.23,1.32,5.25,7.87,20.5086902877538,8.58172791780338
"5",-81.08,25.36,"Breithaupt et al. 2014",23.6,1269,"Mangrove",2.24,176,7.77,2.23,1.32,5.25,7.87,20.5086902877538,8.58172791780338
"6",-81.08,25.36,"Breithaupt et al. 2014",23.6,1269,"Mangrove",2.24,176,7.77,2.23,1.32,5.25,7.87,20.5086902877538,8.58172791780338
"7",-81.73,26.02,"Cahoon and Lyach 1997",23.4,1306,"Mangrove",2.3,328,4.3,0.94,0.71,1.77,6.58,20.5086902877538,15.9932202104518
"8",-81.74,26.03,"Cahoon and Lyach 1997",23.4,1306,"Mangrove",2.3,291,4.3,0.94,0.71,0,6.55,20.5086902877538,14.1891069550045
"9",-81.75,26.02,"Cahoon and Lyach 1997",23.4,1306,"Mangrove",2.3,191,4.3,0.94,0.71,1.76,6.54,20.5086902877538,9.31312518352526
"10",-81.73,26.02,"Cahoon and Lyach1997,1994",23.4,1306,"Mangrove",2.3,228,4.3,0.94,0.71,1.77,6.58,20.5086902877538,11.1172384389726
"11",-80.6,25,"Callaway et al 1997",24.6,1159,"Mangrove",4.2,129.6,12.66,0.54,0.37,0,7.92,20.5086902877538,6.31927237583704
"12",-80.3,25.3,"Callaway et al 1997",24.2,1344,"Mangrove",4.2,165.8,4.26,0.57,0.34,1.74,7.78,20.5086902877538,8.08437777711251
"13",-80.7,24.9,"Callaway et al 1997",24.6,1147,"Mangrove",1.9,120,7.39,0.57,0.37,4.06,8.02,20.5086902877538,5.85117812577503
"14",-80.6,25,"Callaway et al 1997",24.6,1159,"Mangrove",1.9,57.7,12.66,0.54,0.37,0,7.92,20.5086902877538,2.8134414821435
"15",-80.55,24.99,"Callaway et al 1997",24.6,1159,"Mangrove",3.9,152.2,9.16,0.57,0.37,3.07,7.9,20.5086902877538,7.42124425619133
"16",-81.7,26,"Lynch et al. 1989",23.4,1306,"Mangrove",1.7,86,4.3,0.94,0.71,2.41,6.68,20.5086902877538,4.19334432347211
"17",-81.7,26,"Lynch et al. 1989",23.4,1306,"Mangrove",1.4,90,4.3,0.94,0.71,2.07,6.68,20.5086902877538,4.38838359433128
"18",-81.7,26,"Lynch et al. 1989",23.4,1306,"Mangrove",1.6,91,4.3,0.94,0.71,2.02,6.68,20.5086902877538,4.43714341204607
"19",-81.7,26,"Lynch et al. 1989",23.4,1306,"Mangrove",1.7,99,4.3,0.94,0.71,2.53,6.69,20.5086902877538,4.8272219537644
"20",-81.78,26.08,"Marchio et al 2016",23.4,1306,"Mangrove",2.4,21,4.59,0.92,0.7,1.07,6.36,20.5086902877538,1.02395617201063
"21",-81.78,26.1,"Marchio et al 2016",23.4,1306,"Mangrove",2.4,47,4.59,0.92,0.7,4.89,6.29,20.5086902877538,2.29171143259522
"22",-81.78,26.1,"Marchio et al 2016",23.4,1306,"Mangrove",2.4,74,4.59,0.92,0.7,2.45,6.3,20.5086902877538,3.6082265108946
"23",-81.78,26.1,"Marchio et al 2016",23.4,1306,"Mangrove",2.4,126,4.59,0.92,0.7,3.19,6.3,20.5086902877538,6.14373703206379
"24",-81.77,26.09,"Marchio et al 2016",23.4,1306,"Mangrove",2.4,50,4.59,0.92,0.7,2.32,6.34,20.5086902877538,2.4379908857396
"25",-81.78,26.09,"Marchio et al 2016",23.4,1306,"Mangrove",2.4,127,4.59,0.92,0.7,0,6.32,20.5086902877538,6.19249684977858
"26",-81.78,26.09,"Marchio et al 2016",23.4,1306,"Mangrove",2.4,162,4.59,0.92,0.7,1.32,6.34,20.5086902877538,7.8990904697963
"27",-81,25.2,"Smoak et al 2013",23.8,1255,"Mangrove",2.5,448.76,7.77,2.23,1.32,1,8.01,20.5086902877538,21.88145579769
"28",-81.1,25.4,"Smoak et al 2013",23.6,1269,"Mangrove",3.6,100,7.77,2.23,1.32,2.67,7.83,20.5086902877538,4.8759817714792
"29",-35.1,-8.7,"Sanders et al.2010a",24.2,1738,"Mangrove",5,410,4.46,1.71,1.16,3.88,NA,20.5086902877538,19.9915252630647
"30",-48.3,-25.3,"Sanders et al. 2010c",21.5,2241,"Mangrove",2.5,317,3.83,1.49,1.18,NA,NA,20.5086902877538,15.456862215589
"31",-48.3,-25.3,"Sanders et al. 2010c",21.5,2241,"Mangrove",2.9,337,3.83,1.49,1.18,NA,NA,20.5086902877538,16.4320585698849
"32",146.3,-18.5,"Sanders et al. 2010b",24.1,2135,"Mangrove",1.48,336,3.54,2.28,1.89,0,6.8,20.5086902877538,16.3832987521701
"33",146.3,-18.5,"Sanders et al. 2010c",24.1,2135,"Mangrove",1.48,48,3.54,2.28,1.89,0,6.8,20.5086902877538,2.34047125031001
"34",-44.7,-23.2,"Sanders et al. 2010c",20.9,2014,"Mangrove",4,393,1.15,1.12,0.93,0,NA,20.5086902877538,19.1626083619132
"35",-48.3,-25.3,"Sanders et al. 2010a",21.5,2241,"Mangrove",3.9,362,3.83,1.49,1.18,NA,NA,20.5086902877538,17.6510540127547
"36",-91.5,18.7,"Lynch 1989",26.4,1343,"Mangrove",2.4,53,10.35,1.19,0.68,0,3.85,20.5086902877538,2.58427033888397
"37",-91.5,18.7,"Lynch 1989",26.4,1343,"Mangrove",2.4,55,10.35,1.19,0.68,0,3.85,20.5086902877538,2.68178997431356
"38",-91.5,18.7,"Lynch 1989",26.4,1343,"Mangrove",2.4,65,10.35,1.19,0.68,0,3.85,20.5086902877538,3.16938815146148
"39",-91.5,18.7,"Lynch 1989",26.4,1343,"Mangrove",2.4,67,10.35,1.19,0.68,0,3.85,20.5086902877538,3.26690778689106
"40",-90.3,20.8,"Lynch 1989",26.5,869,"Mangrove",3,70,10.27,0.54,0.36,2.61,6.62,20.5086902877538,3.41318724003544
"41",110.57,19.99,"Zhang et al. 1996",24.1,1694,"Mangrove",2.3,86.05,10.37,1.41,1,1.81,9.91,20.5086902877538,4.19578231435785
"42",109.77,21.55,"Zhang et al. 1996",23,1470,"Mangrove",2.3,76.85,9.68,2.64,1.92,1.87,8.89,20.5086902877538,3.74719199138176
"43",109.77,21.55,"Zhang et al. 1996",23,1470,"Mangrove",2.3,190.88,9.68,2.64,1.92,1.87,8.89,20.5086902877538,9.30727400539949
"44",109.77,21.55,"Zhang et al. 1996",23,1470,"Mangrove",2.3,34.71,9.68,2.64,1.92,1.87,8.89,20.5086902877538,1.69245327288043
"45",109.77,21.55,"Zhang et al. 1996",23,1470,"Mangrove",2.3,76.85,9.68,2.64,1.92,1.87,8.89,20.5086902877538,3.74719199138176
"46",109.77,21.55,"Zhang et al. 1996",23,1470,"Mangrove",2.3,44.62,9.68,2.64,1.92,1.87,8.89,20.5086902877538,2.17566306643402
"47",146.3,-18.5,"Alongi et al 1999",24.1,2135,"Mangrove",1.8,67,3.54,2.28,1.89,0,6.8,20.5086902877538,3.26690778689106
"48",99.16,10.28,"Alongi et al 2001",26.5,2034,"Mangrove",0.08,228,6.81,1.29,0.84,2.1,1,20.5086902877538,11.1172384389726
"49",99.16,10.28,"Alongi et al 2001",26.5,2034,"Mangrove",0.08,228,6.81,1.29,0.84,2.1,1,20.5086902877538,11.1172384389726
"50",99.21,10.37,"Alongi et al 2001",26.8,1942,"Mangrove",0.08,222,6.81,1.29,0.84,2.57,1,20.5086902877538,10.8246795326838
"51",99.21,10.37,"Alongi et al 2001",26.8,1942,"Mangrove",0.08,222,6.81,1.29,0.84,2.57,1,20.5086902877538,10.8246795326838
"52",146.15,-18.36,"Brunskill et al 2002",23.2,1998,"Mangrove",1.48,26.88,3.54,2.28,1.89,1.29,6.94,20.5086902877538,1.31066390017361
"53",146.15,-18.36,"Brunskill et al 2002",23.2,1998,"Mangrove",1.48,174.72,3.54,2.28,1.89,1.29,6.94,20.5086902877538,8.51931535112845
"54",146.14,-18.37,"Brunskill et al 2002",23.2,1998,"Mangrove",1.48,312,3.54,2.28,1.89,0.82,6.93,20.5086902877538,15.2130631270151
"55",146.16,-18.37,"Brunskill et al 2002",23.2,1998,"Mangrove",1.48,84,3.54,2.28,1.89,0.59,6.93,20.5086902877538,4.09582468804252
"56",146.16,-18.39,"Brunskill et al 2002",23.2,1998,"Mangrove",1.48,341.04,3.54,2.28,1.89,1.21,6.93,20.5086902877538,16.6290482334527
"57",146.15,-18.38,"Brunskill et al 2002",23.2,1998,"Mangrove",1.48,294,3.54,2.28,1.89,1.07,6.93,20.5086902877538,14.3353864081488
"58",146.15,-18.38,"Brunskill et al 2002",23.2,1998,"Mangrove",1.48,99.84,3.54,2.28,1.89,1.07,6.93,20.5086902877538,4.86818020064483
"59",146.23,-18.28,"Brunskill et al 2002",23.8,2397,"Mangrove",1.48,154.56,4.26,2.18,1.81,3.16,6.99,20.5086902877538,7.53631742599824
"60",146.23,-18.27,"Brunskill et al 2002",23.8,2397,"Mangrove",1.48,141.12,4.26,2.18,1.81,3.01,6.99,20.5086902877538,6.88098547591144
"61",146.28,-18.25,"Brunskill et al 2002",23.8,2397,"Mangrove",1.48,70.56,4.26,2.18,1.81,0.87,6.99,20.5086902877538,3.44049273795572
"62",146.23,-18.25,"Brunskill et al 2002",23.8,2397,"Mangrove",1.48,97.44,4.26,2.18,1.81,1.76,7.01,20.5086902877538,4.75115663812933
"63",-86.23,16.43,"Cahoon 2003",26.6,2275,"Mangrove",1.5,106.91,0.36,0.21,0.14,3.23,2.85,20.5086902877538,5.21291211188841
"64",-86.23,16.43,"Cahoon 2003",26.6,2275,"Mangrove",1.5,106.91,0.36,0.21,0.14,3.23,2.85,20.5086902877538,5.21291211188841
"65",-86.14,16.45,"Cahoon 2003",26.7,2332,"Mangrove",1.5,748.4,0.36,0.21,0.14,NA,2.89,20.5086902877538,36.4918475777503
"66",-86.14,16.45,"Cahoon 2003",26.7,2332,"Mangrove",1.5,106.91,0.36,0.21,0.14,NA,2.89,20.5086902877538,5.21291211188841
"67",-86.23,16.43,"Cahoon 2003",26.6,2275,"Mangrove",1.5,106.91,0.36,0.21,0.14,3.23,2.85,20.5086902877538,5.21291211188841
"68",-86.23,16.43,"Cahoon 2003",26.6,2275,"Mangrove",1.5,106.91,0.36,0.21,0.14,3.23,2.85,20.5086902877538,5.21291211188841
"69",-90.3,20.8,"Gonneea et al 2004",26.5,869,"Mangrove",3,69,10.27,0.54,0.36,2.61,6.62,20.5086902877538,3.36442742232064
"70",-89.7,21.3,"Gonneea et al 2004",25.5,532,"Mangrove",4.67,75,21.34,0.49,0.31,0,6.28,20.5086902877538,3.6569863286094
"71",-91.8,18.5,"Gonneea et al 2004",25.5,532,"Mangrove",4.67,40,23.44,0.99,0.79,0,2.67,20.5086902877538,1.95039270859168
"72",100.5,4.8,"Alongi et al 2004",27.4,2862,"Mangrove",0.9,842,2.1,2.23,1.73,0,NA,20.5086902877538,41.0557665158548
"73",100.5,4.8,"Alongi et al 2004",27.4,2862,"Mangrove",0.9,949,2.1,2.23,1.73,0,NA,20.5086902877538,46.2730670113376
"74",100.5,4.8,"Alongi et al 2004",27.4,2862,"Mangrove",0.9,1129,2.1,2.23,1.73,0,NA,20.5086902877538,55.0498342000001
"75",136.9,-4.8,"Brunskill et al 2004",26.1,3369,"Mangrove",3.48,558,15.1,1.85,1.42,NA,NA,20.5086902877538,27.2079782848539
"76",136.9,-4.8,"Brunskill et al 2004",26.1,3369,"Mangrove",3.48,412,15.1,1.85,1.42,NA,NA,20.5086902877538,20.0890448984943
"77",136.9,-4.8,"Brunskill et al 2004",26.1,3369,"Mangrove",3.48,637,15.1,1.85,1.42,NA,NA,20.5086902877538,31.0600038843225
"78",136.9,-4.8,"Brunskill et al 2004",26.1,3369,"Mangrove",3.48,717,15.1,1.85,1.42,NA,NA,20.5086902877538,34.9607893015058
"79",-48.7,-25.8,"Gonneea et al 2004",20.3,1937,"Mangrove",5.6,296,3.66,1.37,1.11,NA,NA,20.5086902877538,14.4329060435784
"80",117.91,24.39,"Alongi et al 2005",21.4,1260,"Mangrove",1.12,149,12.99,3.59,2.55,0,9.95,20.5086902877538,7.265212839504
"81",117.91,24.39,"Alongi et al 2005",21.4,1260,"Mangrove",1.12,189,12.99,3.59,2.55,0,9.95,20.5086902877538,9.21560554809568
"82",117.92,24.4,"Alongi et al 2005",21.4,1260,"Mangrove",1.12,199,12.99,3.59,2.55,0,9.95,20.5086902877538,9.7032037252436
"83",117.92,24.4,"Alongi et al 2005",21.4,1260,"Mangrove",1.12,216,12.99,3.59,2.55,0,9.95,20.5086902877538,10.5321206263951
"84",117.91,24.4,"Alongi et al 2005",21.4,1260,"Mangrove",0.8,1020,12.99,3.59,2.55,0,9.94,20.5086902877538,49.7350140690878
"85",117.91,24.4,"Alongi et al 2005",21.4,1260,"Mangrove",0.8,667,12.99,3.59,2.55,0,9.94,20.5086902877538,32.5227984157662
"86",124.2,24.3,"Tateda et al 2005",24,2085,"Mangrove",2.18,22,1.22,1.14,0.92,0,10,20.5086902877538,1.07271598972542
"87",124.2,24.3,"Tateda et al 2005",24,2085,"Mangrove",2.18,230,1.22,1.14,0.92,0,10,20.5086902877538,11.2147580744022
"88",-92.76,15.13,"Adame et al 2005",26.7,3316,"Mangrove",1.17,100,2.13,1.46,1.08,NA,1,20.5086902877538,4.8759817714792
"89",-92.78,15.16,"Adame et al 2005",26.7,3316,"Mangrove",1.17,140,2.13,1.46,1.08,NA,1,20.5086902877538,6.82637448007087
"90",-92.81,15.18,"Adame et al 2005",27.4,2938,"Mangrove",1.17,170,2.13,1.46,1.08,7.52,1,20.5086902877538,8.28916901151463
"91",-92.84,15.18,"Adame et al 2005",27.3,2659,"Mangrove",1.17,180,2.13,1.46,1.08,3.5,1,20.5086902877538,8.77676718866255
"92",-92.85,15.18,"Adame et al 2005",27.3,2659,"Mangrove",1.17,130,2.13,1.46,1.08,6.7,1,20.5086902877538,6.33877630292295
"93",-92.87,15.18,"Adame et al 2005",27.3,2659,"Mangrove",1.17,150,2.13,1.46,1.08,9.29,1,20.5086902877538,7.31397265721879
"94",-92.83,15.17,"Adame et al 2005",27.4,2938,"Mangrove",1.17,40,2.13,1.46,1.08,6.08,1,20.5086902877538,1.95039270859168
"95",-48.3,-25.3,"Sanders et al. 2008",21.5,2241,"Mangrove",1.8,296,3.83,1.49,1.18,NA,NA,20.5086902877538,14.4329060435784
"96",151.72,-32.87,"Howe 2009",17.8,1119,"Mangrove",0.65,105,2.05,1.11,0.92,0.1,NA,20.5086902877538,5.11978086005316
"97",151.7,-32.85,"Howe 2009",17.8,1119,"Mangrove",0.65,89,2.05,1.11,0.92,0.8,NA,20.5086902877538,4.33962377661648
"98",108.55,21.75,"Li et al 2010",22.8,2078,"Mangrove",2.9,65.88,13.34,2.48,1.78,0,8.27,20.5086902877538,3.21229679105049
"99",108.51,21.87,"Li et al 2010",22.7,2051,"Mangrove",2.9,27,13.34,2.48,1.78,0.61,8.21,20.5086902877538,1.31651507829938
"100",108.6,21.85,"Li et al 2010",22.7,2051,"Mangrove",2.9,181.44,13.34,2.48,1.78,0.02,8.29,20.5086902877538,8.84698132617185
"101",153.03,-27.16,"Morelli 2012",20.2,1414,"Mangrove",0.09,54.43,8.1,1.27,1.09,0.84,1.05,20.5086902877538,2.65399687821613
"102",153.05,-27.2,"Morelli 2012",20.3,1437,"Mangrove",0.09,46.27,0.1,1.27,1.13,2.42,1.05,20.5086902877538,2.25611676566342
"103",153.01,-27.28,"Morelli 2012",20.3,1437,"Mangrove",0.09,119.75,4.74,1.27,1.12,1.99,1.04,20.5086902877538,5.83898817134634
"104",153.33,-27.62,"Morelli 2012",19.9,1463,"Mangrove",0.09,216.36,3.96,1.26,1.03,0,1.64,20.5086902877538,10.5496741607724
"105",88.12,21.92,"Banerjee  2012",26.3,1549,"Mangrove",1.45,20.09,25,2.58,1.97,0.53,5,20.5086902877538,0.97958473789017
"106",88.47,21.78,"Banerjee  2012",26.2,1636,"Mangrove",1.45,58.32,17.52,2.22,1.58,2.72,5,20.5086902877538,2.84367256912667
"107",88.33,21.69,"Banerjee  2012",26.2,1651,"Mangrove",1.45,66.3,21.07,2.14,1.63,1.19,5,20.5086902877538,3.23277591449071
"108",88.77,22.08,"Banerjee  2012",26.2,1672,"Mangrove",1.45,34.3,12.11,2.48,1.91,2.43,4.66,20.5086902877538,1.67246174761736
"109",110.16,20.99,"Yang et al 2014",23.7,1244,"Mangrove",2.3,292.23,11.31,2.16,2.11,2.26,9.35,20.5086902877538,14.2490815307937
"110",109.76,21.57,"Yang et al 2014",23,1470,"Mangrove",2.3,436.42,9.68,2.64,1.92,2.44,8.89,20.5086902877538,21.2797596470895
"111",110.18,20.88,"Yang et al 2014",23.7,1302,"Mangrove",2.3,243.97,11.31,2.16,2.11,0.75,9.43,20.5086902877538,11.8959327278778
"112",110.42,21.16,"Yang et al 2014",23.6,1403,"Mangrove",2.3,405.29,11.02,2.29,2.19,6.92,9.21,20.5086902877538,19.761866521628
"113",-48,-25.1,"Sanders et al. 2014",22,2412,"Mangrove",3.2,250,3.03,1.53,1.23,0,NA,20.5086902877538,12.189954428698
"114",-46.36,-23.88,"Sanders et al. 2014",21.3,2671,"Mangrove",3.2,1023,0.7,1.42,1.13,0.54,NA,20.5086902877538,49.8812935222322
"115",108.58,21.85,"Xia et al 2015",22.7,2051,"Mangrove",2.3,236.75,13.34,2.48,1.78,0.29,8.27,20.5086902877538,11.543886843977
"116",108.57,21.87,"Xia et al 2015",22.7,2051,"Mangrove",2.3,118.37,13.34,2.48,1.78,0,8.26,20.5086902877538,5.77169962289992
"117",108.6,21.86,"Xia et al 2015",22.7,2051,"Mangrove",2.3,118.37,13.34,2.48,1.78,0.03,8.29,20.5086902877538,5.77169962289992
"118",109.67,21.57,"Xia et al 2015",23,1470,"Mangrove",2.3,43.25,9.9,2.62,1.87,1.47,8.87,20.5086902877538,2.10886211616475
"119",109.76,21.49,"Xia et al 2015",23,1452,"Mangrove",2.3,75.12,9.68,2.64,1.92,1.31,8.92,20.5086902877538,3.66283750673517
"120",109.76,21.5,"Xia et al 2015",23,1452,"Mangrove",2.3,70.57,9.68,2.64,1.92,2.44,8.92,20.5086902877538,3.44098033613287
"121",109.76,21.5,"Xia et al 2015",23,1452,"Mangrove",2.3,59.19,9.68,2.64,1.92,2.44,8.92,20.5086902877538,2.88609361053854
"122",109.76,21.49,"Xia et al 2015",23,1452,"Mangrove",2.3,50.08,9.68,2.64,1.92,1.44,8.92,20.5086902877538,2.44189167115678
"123",153.41,-27.52,"Lovelock et al 2015",19.9,1463,"Mangrove",0.09,122.11,1.95,1.17,1,2.1,1.57,20.5086902877538,5.95406134115325
"124",153.44,-27.42,"Lovelock et al 2015",20,1472,"Mangrove",0.09,103.9,1.95,1.17,1,NA,1.5,20.5086902877538,5.06614506056688
"125",153.44,-27.44,"Lovelock et al 2015",20,1472,"Mangrove",0.09,124.36,1.95,1.17,1,2.68,1.49,20.5086902877538,6.06377093101153
"126",153.26,-27.5,"Lovelock et al 2015",19.9,1314,"Mangrove",0.09,94.86,3.83,1.26,1.04,2.31,1.53,20.5086902877538,4.62535630842516
"127",153.1,-27.35,"Lovelock et al 2015",20.2,1516,"Mangrove",0.09,103.19,6.55,1.3,1.13,1.56,1.08,20.5086902877538,5.03152558998938
"128",153.04,-27.3,"Lovelock et al 2015",20.3,1437,"Mangrove",0.09,16.07,6.55,1.3,1.13,4.94,1.04,20.5086902877538,0.783570270676707
"129",153.39,-27.78,"Sanders et al., 2016",20.2,1472,"Mangrove",0.09,150,1.18,1.16,1,1.33,2.05,20.5086902877538,7.31397265721879
"130",153.39,-27.78,"Sanders et al., 2016",20.2,1472,"Mangrove",0.09,150,1.18,1.16,1,1.02,2.05,20.5086902877538,7.31397265721879
"131",108.5,21.81,"Xia et al 2016",22.8,2078,"Mangrove",2.3,86.5,13.34,2.48,1.78,0,8.22,20.5086902877538,4.2177242323295
"132",108.5,21.81,"Xia et al 2016",22.8,2078,"Mangrove",2.3,186.67,13.34,2.48,1.78,0,8.22,20.5086902877538,9.10199517282021
"133",108.57,21.87,"Meng et al 2016",22.7,2051,"Mangrove",2.9,107.4,13.34,2.48,1.78,0,8.26,20.5086902877538,5.23680442256866
"134",108.5,21.81,"Meng et al 2016",22.8,2078,"Mangrove",2.9,22.8,13.34,2.48,1.78,0,8.22,20.5086902877538,1.11172384389726
"135",106.89,10.53,"MacKenzie et al 2016",27,1757,"Mangrove",-1.25,227.6,14.97,2.94,1.92,0.57,NA,20.5086902877538,11.0977345118866
"136",106.88,10.42,"MacKenzie et al 2016",26.9,1523,"Mangrove",-1.25,182.9,22.84,2.91,1.95,2.09,NA,20.5086902877538,8.91817066003545
"137",105.11,8.65,"MacKenzie et al 2016",26.6,2320,"Mangrove",-1.25,388.6,28.71,2.32,1.25,-2,1,20.5086902877538,18.9480651639682
"138",105.11,8.65,"MacKenzie et al 2016",26.6,2320,"Mangrove",-1.25,274.5,28.71,2.32,1.25,-2,1,20.5086902877538,13.3845699627104
"139",105.11,8.65,"MacKenzie et al 2016",26.6,2320,"Mangrove",-1.25,602.7,28.71,2.32,1.25,-2,1,20.5086902877538,29.3875421367051
"140",105.11,8.65,"MacKenzie et al 2016",26.6,2320,"Mangrove",-1.25,233.7,28.71,2.32,1.25,-2,1,20.5086902877538,11.3951693999469
"141",105.08,8.63,"MacKenzie et al 2016",26.6,2320,"Mangrove",-1.25,121,28.71,2.32,1.25,0.97,1,20.5086902877538,5.89993794348983
"142",105.08,8.63,"MacKenzie et al 2016",26.6,2320,"Mangrove",-1.25,206.8,28.71,2.32,1.25,0.97,1,20.5086902877538,10.083530303419
"143",134.62,7.63,"MacKenzie et al 2016",27.3,3482,"Mangrove",1.73,322.3,2.9,1.11,0.83,1.83,1.85,20.5086902877538,15.7152892494774
"144",134.62,7.63,"MacKenzie et al 2016",27.3,3482,"Mangrove",1.73,369.7,2.9,1.11,0.83,1.83,1.85,20.5086902877538,18.0265046091586
"145",134.54,7.58,"MacKenzie et al 2016",27.3,3482,"Mangrove",1.73,280.6,2.9,1.11,0.83,3.47,1.85,20.5086902877538,13.6820048507706
"146",134.54,7.58,"MacKenzie et al 2016",27.3,3482,"Mangrove",1.73,153.8,2.9,1.11,0.83,3.47,1.85,20.5086902877538,7.499259964535
"147",134.58,7.39,"MacKenzie et al 2016",27.3,3482,"Mangrove",1.73,69.8,1.57,1.11,0.84,3.44,1.85,20.5086902877538,3.40343527649248
"148",134.58,7.39,"MacKenzie et al 2016",27.3,3482,"Mangrove",1.73,157.5,1.57,1.11,0.84,3.44,1.85,20.5086902877538,7.67967129007973
"149",134.51,7.41,"MacKenzie et al 2016",27.3,3482,"Mangrove",1.73,141,1.57,1.11,0.84,2.31,1.85,20.5086902877538,6.87513429778567
"150",134.51,7.41,"MacKenzie et al 2016",27.3,3482,"Mangrove",1.73,136.4,1.57,1.11,0.84,2.31,1.85,20.5086902877538,6.65083913629762
"151",134.63,7.58,"MacKenzie et al 2016",27.3,3482,"Mangrove",1.73,251.9,2.9,1.11,0.83,9.11,1.85,20.5086902877538,12.2825980823561
"152",134.51,7.38,"MacKenzie et al 2016",27.3,3482,"Mangrove",1.73,356.7,1.57,1.11,0.84,3.4,1.85,20.5086902877538,17.3926269788663
"153",134.51,7.38,"MacKenzie et al 2016",27.3,3482,"Mangrove",1.73,119.5,1.57,1.11,0.84,3.4,1.85,20.5086902877538,5.82679821691764
"154",109.75,21.57,"Zhu, et al 2016",23,1470,"Mangrove",2.9,80.47,9.68,2.64,1.92,2.88,8.88,20.5086902877538,3.92370253150931
"155",109.75,21.56,"Zhu, et al 2016",23,1470,"Mangrove",2.9,105.42,9.68,2.64,1.92,1.45,8.88,20.5086902877538,5.14025998349337
"156",109.75,21.56,"Zhu, et al 2016",23,1470,"Mangrove",2.9,34.58,9.68,2.64,1.92,0.83,8.89,20.5086902877538,1.68611449657751
"157",109.78,21.53,"Zhu, et al 2016",23,1470,"Mangrove",2.9,83.97,9.68,2.64,1.92,0.8,8.9,20.5086902877538,4.09436189351108
"158",109.78,21.53,"Zhu, et al 2016",23,1470,"Mangrove",2.9,150.56,9.68,2.64,1.92,0.8,8.9,20.5086902877538,7.34127815513908
"159",109.78,21.52,"Zhu, et al 2016",23,1470,"Mangrove",2.9,69.09,9.68,2.64,1.92,0.68,8.91,20.5086902877538,3.36881580591498
"160",175.86,-37.2,"Perez et al 2017",14.2,2148,"Mangrove",3.86,43.8,2.7,1.76,1.09,1.68,1,20.5086902877538,2.13568001590789
"161",175.86,-37.2,"Perez et al 2017",14.2,2148,"Mangrove",3.86,47.5,2.7,1.76,1.09,2.47,1,20.5086902877538,2.31609134145262
"162",175.86,-37.2,"Perez et al 2017",14.2,2148,"Mangrove",3.86,79.5,2.7,1.76,1.09,2.5,1,20.5086902877538,3.87640550832596
"163",153.13,-30.3,"Sanders own data",18.3,1790,"Mangrove",0.99,144.74,0.88,1.14,0.96,0,1,20.5086902877538,7.05749601603899
"164",153.12,-30.3,"Sanders own data",18.3,1790,"Mangrove",0.99,35.34,0.88,1.14,0.96,3.45,1,20.5086902877538,1.72317195804075
"165",153.13,-30.3,"Sanders own data",18.3,1790,"Mangrove",0.99,70,0.88,1.14,0.96,2.3,1,20.5086902877538,3.41318724003544
"166",153.13,-30.3,"Sanders own data",18.3,1790,"Mangrove",0.99,46.82,0.88,1.14,0.96,1.7,1,20.5086902877538,2.28293466540656
"167",153.12,-30.3,"Sanders own data",18.3,1790,"Mangrove",0.99,23.87,0.88,1.14,0.96,3.45,1,20.5086902877538,1.16389684885208
"168",153.13,-30.3,"Sanders own data",18.3,1790,"Mangrove",0.99,87.72,0.88,1.14,0.96,0.65,1,20.5086902877538,4.27721120994155
"169",130.91,-12.52,"Sanders own data",27.4,1569,"Mangrove",3.49,168.07,5.13,5.26,4.05,2.81,1.59,20.5086902877538,8.19506256332508
"170",130.9,-12.53,"Sanders own data",27.4,1569,"Mangrove",3.49,267.49,5.13,5.26,4.05,4.2,1.59,20.5086902877538,13.0427636405297
"171",146.27,-18.28,"Sanders own data",23.8,2397,"Mangrove",1.95,190.26,4.26,2.18,1.81,1.8,6.97,20.5086902877538,9.27704291841632
"172",146.27,-18.28,"Sanders own data",23.8,2397,"Mangrove",1.95,142.64,4.26,2.18,1.81,0.77,6.98,20.5086902877538,6.95510039883792
"173",151.87,-24.2,"Sanders own data",22.1,1176,"Mangrove",1.58,47.98,2.23,1.92,1.55,1.84,5.88,20.5086902877538,2.33949605395572
"174",151.87,-24.2,"Sanders own data",22.1,1176,"Mangrove",1.58,65.59,2.23,1.92,1.55,3.18,5.89,20.5086902877538,3.1981564439132
"175",153.38,-27.78,"Sanders own data",20.2,1472,"Mangrove",0.99,99.16,1.18,1.16,1,2.81,2.05,20.5086902877538,4.83502352459877
"176",153.38,-27.78,"Sanders own data",20.2,1472,"Mangrove",0.99,59.04,1.18,1.16,1,2.1,2.04,20.5086902877538,2.87877963788132
"177",151.77,-32.85,"Sanders own data",17.8,1119,"Mangrove",0.65,31.52,2.05,1.11,0.92,0.28,NA,20.5086902877538,1.53690945437024
"178",151.76,-32.84,"Sanders own data",17.8,1119,"Mangrove",0.65,69.29,2.05,1.11,0.92,0.43,NA,20.5086902877538,3.37856776945794
"179",144.49,-38.26,"Sanders own data",14.3,589,"Mangrove",0.65,66.67,1.34,1.01,0.92,0.6,NA,20.5086902877538,3.25081704704518
"180",144.49,-38.26,"Sanders own data",14.3,589,"Mangrove",0.65,20.73,1.34,1.01,0.92,0.4,NA,20.5086902877538,1.01079102122764
"181",153.23,-29.98,"Sanders own data",19,1514,"Mangrove",0.99,191.41,0.88,1.14,0.96,5.78,1,20.5086902877538,9.33311670878833
"182",153.22,-29.98,"Sanders own data",19,1514,"Mangrove",0.99,68.04,0.88,1.14,0.96,3.36,1,20.5086902877538,3.31761799731445
"183",153.43,-29.11,"Sanders own data",19.4,1523,"Mangrove",0.99,73.92,1.14,1.13,0.97,5.88,3.25,20.5086902877538,3.60432572547742
"184",79.8,11.44,"Sanders own data",28.4,1259,"Mangrove",0.52,92.37,4.14,0.55,0.48,0.93,6.91,20.5086902877538,4.50394436231533
"185",76.33,9.92,"Sanders own data",27.3,3278,"Mangrove",0.52,226.94,0.95,0.6,0.42,3.05,1,20.5086902877538,11.0655530321949
"186",76.32,9.92,"Sanders own data",27.3,3278,"Mangrove",0.52,794.81,0.95,0.6,0.42,2.64,1,20.5086902877538,38.7547907178938
"187",-46.65,-0.87,"Sanders own data",26.3,2337,"Mangrove",2.39,253.57,23.71,5.3,3.45,4.11,NA,20.5086902877538,12.3640269779398
"188",-43.03,-22.72,"Sanders own data",23.1,1322,"Mangrove",2.39,276.16,6.23,1.03,0.88,1.72,NA,20.5086902877538,13.4655112601169
"189",-43.02,-22.73,"Sanders own data",23.1,1322,"Mangrove",2.39,292.63,6.23,1.03,0.88,1.39,NA,20.5086902877538,14.2685854578796
"190",-40.31,-20.24,"Sanders own data",24.6,1090,"Mangrove",2.39,379.08,6.3,1.29,0.97,1.11,NA,20.5086902877538,18.4838716993233
"191",-40.66,-20.8,"Sanders own data",24.6,1090,"Mangrove",2.39,43,7.99,1.39,1.03,7.41,NA,20.5086902877538,2.09667216173605
"192",-40.17,-19.94,"Sanders own data",24.6,1137,"Mangrove",2.39,281.95,7.52,1.29,0.97,1.43,NA,20.5086902877538,13.7478306046856
"193",-80.29,-3.44,"Sanders own data",25.3,287,"Mangrove",-1.22,170.13,2.29,2.04,1.42,1.02,NA,20.5086902877538,8.29550778781756
"194",-80.27,-3.44,"Sanders own data",25.3,287,"Mangrove",-1.22,461.97,2.29,2.04,1.42,4.65,NA,20.5086902877538,22.5255729897024
"195",153.26,-29.85,"Sanders own data",19,1514,"Mangrove",0.99,76.94,0.88,1.14,0.96,3.72,1.61,20.5086902877538,3.75158037497609
"196",153.26,-29.85,"Sanders own data",19,1514,"Mangrove",0.99,126,0.88,1.14,0.96,3.72,1.61,20.5086902877538,6.14373703206379
"197",-43.61,-23.02,"Sanders own data",23.2,1273,"Mangrove",2.39,584.82,2.23,1.04,0.87,1.01,NA,20.5086902877538,28.5157165959646
"198",36.34,-18.76,"Sanders own data",25.2,1168,"Mangrove",0.66,79.87,15.64,2.67,1.93,1.11,8.98,20.5086902877538,3.89444664088043
"199",153.2,-30.14,"Sanders own data",19.7,1753,"Mangrove",0.99,180.54,0.88,1.14,0.96,4.1,1,20.5086902877538,8.80309749022854
"200",153.2,-30.14,"Sanders own data",19.7,1753,"Mangrove",0.99,213.86,0.88,1.14,0.96,3.44,1,20.5086902877538,10.4277746164854
"201",153.59,-28.88,"Sanders own data",19.7,1753,"Mangrove",0.99,29.07,1.14,1.13,0.97,0,3.07,20.5086902877538,1.417447900969
"202",108.81,-7.67,"Kusumaningtyas et al 2019",26.5,3260,"Mangrove",5.81,658,7.71,1.16,1.12,2.08,NA,20.5086902877538,32.0839600563331
"203",109,-7.67,"Kusumaningtyas et al 2019",26.5,3145,"Mangrove",5.81,194,4.24,1.21,1.16,-0.34,NA,20.5086902877538,9.45940463666964
"204",49.57,27.29,"Saderne et al. 2018",25,94,"Mangrove",1.25,8.7,10.55,1.07,0.89,0,NA,20.5086902877538,0.42421041411869
"205",49.56,27.28,"Saderne et al. 2018",25,94,"Mangrove",1.25,6.2,10.55,1.07,0.89,0,NA,20.5086902877538,0.30231086983171
"206",49.57,27.28,"Saderne et al. 2018",25,94,"Mangrove",1.25,23,10.55,1.07,0.89,0,NA,20.5086902877538,1.12147580744021
"207",50.02,26.72,"Saderne et al. 2018",25.5,83,"Mangrove",1.25,38,10.55,1.07,0.89,0,NA,20.5086902877538,1.85287307316209
"208",50.01,26.66,"Saderne et al. 2018",25.5,83,"Mangrove",1.25,22,10.55,1.07,0.89,0,NA,20.5086902877538,1.07271598972542
"209",50.01,26.64,"Saderne et al. 2018",25.5,83,"Mangrove",1.25,20,10.55,1.07,0.89,0.09,NA,20.5086902877538,0.975196354295839
"210",50.01,26.64,"Saderne et al. 2018",25.5,83,"Mangrove",1.25,12,10.55,1.07,0.89,0.01,NA,20.5086902877538,0.585117812577504
"211",118.08,2.33,"Kusumaningtyas et al 2019",26.6,1988.15,"Mangrove",3.42,1722,5.89,1.68,1.39,2.42,NA,20.5086902877538,83.9644061048717
"212",133.48,-2.51,"Sasmito 2020",26.93,2530.58,"Mangrove",3.82,50,7.65,1.62,0.9,NA,NA,20.5086902877538,2.4379908857396
"213",133.51,-2.58,"Sasmito 2020",26.9,2550.57,"Mangrove",3.82,90,7.65,1.62,0.9,NA,NA,20.5086902877538,4.38838359433128
"214",-72.8,41.26,"Anisfeld et al. 1999",10.4,1155,"Saltmarsh",2.81,198,4.83,0.79,0.59,1.59,7.38,15.1131813148027,13.1011463354884
"215",-72.81,41.26,"Anisfeld et al. 1999",10.4,1155,"Saltmarsh",2.81,75,4.83,0.79,0.59,0.31,7.37,15.1131813148027,4.96255543010926
"216",-72.66,41.27,"Anisfeld et al. 1999",10.3,1182,"Saltmarsh",2.81,195,6.7,0.78,0.59,0,7.53,15.1131813148027,12.9026441182841
"217",-72.67,41.27,"Anisfeld et al. 1999",10.4,1155,"Saltmarsh",2.81,192,6.7,0.78,0.59,0,7.51,15.1131813148027,12.7041419010797
"218",-72.67,41.25,"Anisfeld et al. 1999",10.4,1155,"Saltmarsh",2.81,192,6.7,0.78,0.59,0,7.53,15.1131813148027,12.7041419010797
"219",-72.66,41.25,"Anisfeld et al. 1999",10.3,1182,"Saltmarsh",2.81,154,6.7,0.78,0.59,0,7.54,15.1131813148027,10.1897804831577
"220",-72.68,41.25,"Anisfeld et al. 1999",10.4,1155,"Saltmarsh",2.81,123.2,6.7,0.78,0.59,0,7.52,15.1131813148027,8.15182438652614
"221",-72.67,41.26,"Anisfeld et al. 1999",10.4,1155,"Saltmarsh",2.81,220,6.7,0.78,0.59,0,7.53,15.1131813148027,14.5568292616538
"222",-72.67,41.26,"Anisfeld et al. 1999",10.4,1155,"Saltmarsh",2.81,72,6.7,0.78,0.59,0,7.53,15.1131813148027,4.76405321290489
"223",-72.66,41.27,"Anisfeld et al. 1999",10.3,1182,"Saltmarsh",2.81,105,6.7,0.78,0.59,0,7.53,15.1131813148027,6.94757760215296
"224",-72.67,41.27,"Anisfeld et al. 1999",10.4,1155,"Saltmarsh",2.81,64,6.7,0.78,0.59,0,7.51,15.1131813148027,4.23471396702657
"225",-72.8,41.25,"Anisfeld et al. 1999",10.4,1155,"Saltmarsh",2.81,112.5,4.83,0.79,0.59,0,7.39,15.1131813148027,7.44383314516389
"226",-72.8,41.25,"Anisfeld et al. 1999",10.4,1155,"Saltmarsh",2.81,31.2,4.83,0.79,0.59,0,7.39,15.1131813148027,2.06442305892545
"227",-72.81,41.25,"Anisfeld et al. 1999",10.4,1155,"Saltmarsh",2.81,84,4.83,0.79,0.59,1.58,7.38,15.1131813148027,5.55806208172237
"228",-73.14,40.96,"Armentano and Woodwell 1975",10.9,1159,"Saltmarsh",2.44,216.13,2.3,0.91,0.69,0.12,7.26,15.1131813148027,14.3007614014602
"229",-73.14,40.96,"Armentano and Woodwell 1975",10.9,1159,"Saltmarsh",2.44,196,2.3,0.91,0.69,0.12,7.26,15.1131813148027,12.9688115240189
"230",-73.14,40.96,"Armentano and Woodwell 1975",10.9,1159,"Saltmarsh",2.44,146,2.3,0.91,0.69,0.12,7.26,15.1131813148027,9.66044123727935
"231",-73.14,40.96,"Armentano and Woodwell 1975",10.9,1159,"Saltmarsh",2.44,196.86,2.3,0.91,0.69,0.12,7.26,15.1131813148027,13.0257154929508
"232",-74.05,40.81,"Artigas et al 2015",11.9,1163,"Saltmarsh",2.84,192,8.67,1.1,0.8,0,6.06,15.1131813148027,12.7041419010797
"233",-75.27,38.87,"Boyd et al. 2016",12.8,1090,"Saltmarsh",3.4,31.24,17.32,1.15,0.8,-1,6.88,15.1131813148027,2.06706975515484
"234",-75.26,38.87,"Boyd et al. 2016",12.8,1090,"Saltmarsh",3.4,157,17.32,1.15,0.8,0,6.89,15.1131813148027,10.388282700362
"235",-75.26,38.86,"Boyd et al. 2016",12.8,1090,"Saltmarsh",3.4,38.11,17.32,1.15,0.8,-1,6.9,15.1131813148027,2.52163983255285
"236",-75.25,38.85,"Boyd et al. 2016",12.8,1090,"Saltmarsh",3.4,169,17.32,1.15,0.8,0.46,6.93,15.1131813148027,11.1822915691795
"237",-75.26,38.83,"Boyd et al. 2016",12.8,1090,"Saltmarsh",3.4,168,17.32,1.15,0.8,0.99,6.93,15.1131813148027,11.1161241634447
"238",-75.23,38.83,"Boyd et al. 2016",12.9,1097,"Saltmarsh",3.4,177,17.32,1.15,0.8,0.59,6.96,15.1131813148027,11.7116308150578
"239",-75.21,38.81,"Boyd et al. 2016",12.9,1097,"Saltmarsh",3.4,180,17.32,1.15,0.8,0.88,6.98,15.1131813148027,11.9101330322622
"240",-75.21,38.81,"Boyd et al. 2016",12.9,1097,"Saltmarsh",3.4,187.26,17.32,1.15,0.8,0.64,6.99,15.1131813148027,12.3905083978968
"241",-75.2,38.81,"Boyd et al. 2016",12.9,1097,"Saltmarsh",3.4,186,17.32,1.15,0.8,0.36,7.01,15.1131813148027,12.307137466671
"242",-75.3,38.9,"Boyd et al. 2016",12.8,1090,"Saltmarsh",3.4,224.5,17.32,1.15,0.8,-1,6.82,15.1131813148027,14.8545825874604
"243",-75.3,38.89,"Boyd et al. 2016",12.8,1090,"Saltmarsh",3.4,199.5,17.32,1.15,0.8,0.47,6.85,15.1131813148027,13.2003974440906
"244",-75.28,38.88,"Boyd et al. 2016",12.8,1090,"Saltmarsh",3.4,148,17.32,1.15,0.8,-1,6.87,15.1131813148027,9.79277604874893
"245",-71.39,41.82,"Bricker-Urso et al. 1989",9.7,1192,"Saltmarsh",2.6,203,1.4,0.62,0.47,NA,7.83,15.1131813148027,13.4319833641624
"246",-71.39,41.77,"Bricker-Urso et al. 1989",9.7,1192,"Saltmarsh",2.6,495,1.4,0.62,0.47,NA,7.85,15.1131813148027,32.7528658387211
"247",-71.38,41.74,"Bricker-Urso et al. 1989",9.7,1192,"Saltmarsh",2.6,226,1.4,0.62,0.47,NA,7.87,15.1131813148027,14.9538336960626
"248",-71.37,41.51,"Bricker-Urso et al. 1989",9.9,1177,"Saltmarsh",2.6,234,0.79,0.65,0.47,1.81,7.95,15.1131813148027,15.4831729419409
"249",-71.69,41.36,"Bricker-Urso et al. 1989",9.8,1184,"Saltmarsh",2.6,192,2.15,0.74,0.53,2.65,7.95,15.1131813148027,12.7041419010797
"250",-71.39,41.77,"Bricker-Urso et al. 1989",9.7,1192,"Saltmarsh",2.6,209,1.4,0.62,0.47,NA,7.85,15.1131813148027,13.8289877985711
"251",-71.34,41.65,"Bricker-Urso et al. 1989",9.9,1177,"Saltmarsh",2.6,237,0.96,0.6,0.47,2.75,7.91,15.1131813148027,15.6816751591453
"252",-71.34,41.65,"Bricker-Urso et al. 1989",9.9,1177,"Saltmarsh",2.6,490.5,0.96,0.6,0.47,2.75,7.91,15.1131813148027,32.4551125129145
"253",-96.79,28.32,"Callaway et al 1997",21.4,974,"Saltmarsh",3.1,221.76,19.98,0.43,0.27,2.87,3.07,15.1131813148027,14.673283895747
"254",-88.77,30.38,"Callaway et al 1997",19.6,1616,"Saltmarsh",1.5,175.56,9.19,0.43,0.3,1.29,7.59,15.1131813148027,11.6163497507997
"255",-95.5,28.84,"Callaway et al 1997",20.7,1320,"Saltmarsh",6.3,253.89,14.21,0.57,0.3,0.52,3.08,15.1131813148027,16.7992426420059
"256",-121.86,38.04,"Callaway et al. 2012",15.3,425,"Saltmarsh",1.96,150.2,5.55,1.53,1.3,0.59,NA,15.1131813148027,9.93834434136547
"257",-121.86,38.04,"Callaway et al. 2012",15.3,425,"Saltmarsh",1.96,158.4,5.55,1.53,1.3,0.59,NA,15.1131813148027,10.4809170683908
"258",-121.86,38.04,"Callaway et al. 2012",15.3,425,"Saltmarsh",1.96,165.5,5.55,1.53,1.3,0.59,NA,15.1131813148027,10.9507056491078
"259",-121.86,38.04,"Callaway et al. 2012",15.3,425,"Saltmarsh",1.96,174.1,5.55,1.53,1.3,0.59,NA,15.1131813148027,11.519745338427
"260",-121.86,38.04,"Callaway et al. 2012",15.3,425,"Saltmarsh",1.96,129.6,5.55,1.53,1.3,0.59,NA,15.1131813148027,8.5752957832288
"261",-122.5,38.01,"Callaway et al. 2012",14.4,745,"Saltmarsh",1.96,186.2,21.18,1.56,1.3,-1,NA,15.1131813148027,12.3203709478179
"262",-122.5,38.01,"Callaway et al. 2012",14.4,745,"Saltmarsh",1.96,72.9,21.18,1.56,1.3,-1,NA,15.1131813148027,4.8236038780662
"263",-122.5,38.01,"Callaway et al. 2012",14.4,745,"Saltmarsh",1.96,97.5,21.18,1.56,1.3,-1,NA,15.1131813148027,6.45132205914203
"264",-122.5,38.01,"Callaway et al. 2012",14.4,745,"Saltmarsh",1.96,86.7,21.18,1.56,1.3,-1,NA,15.1131813148027,5.7367140772063
"265",-122.5,38.01,"Callaway et al. 2012",14.4,745,"Saltmarsh",1.96,82.1,21.18,1.56,1.3,-1,NA,15.1131813148027,5.43234401082627
"266",-122.5,38.01,"Callaway et al. 2012",14.4,745,"Saltmarsh",1.96,92,21.18,1.56,1.3,-1,NA,15.1131813148027,6.08740132760069
"267",-122.3,38.22,"Callaway et al. 2012",14.7,698,"Saltmarsh",1.96,47,12.52,1.56,1.3,0,NA,15.1131813148027,3.10986806953513
"268",-122.3,38.22,"Callaway et al. 2012",14.7,698,"Saltmarsh",1.96,124.7,12.52,1.56,1.3,0,NA,15.1131813148027,8.25107549512832
"269",-122.3,38.22,"Callaway et al. 2012",14.7,698,"Saltmarsh",1.96,71.9,12.52,1.56,1.3,0,NA,15.1131813148027,4.75743647233141
"270",-122.3,38.22,"Callaway et al. 2012",14.7,698,"Saltmarsh",1.96,72.3,12.52,1.56,1.3,0,NA,15.1131813148027,4.78390343462532
"271",-122.3,38.22,"Callaway et al. 2012",14.7,698,"Saltmarsh",1.96,68.2,12.52,1.56,1.3,0,NA,15.1131813148027,4.51261707111268
"272",-122.3,38.22,"Callaway et al. 2012",14.7,698,"Saltmarsh",1.96,41.7,12.52,1.56,1.3,0,NA,15.1131813148027,2.75918081914075
"273",-122.3,38.22,"Callaway et al. 2012",14.7,698,"Saltmarsh",1.96,232.4,12.52,1.56,1.3,0,NA,15.1131813148027,15.3773050927652
"274",-122.3,38.22,"Callaway et al. 2012",14.7,698,"Saltmarsh",1.96,142.6,12.52,1.56,1.3,0,NA,15.1131813148027,9.43547205778107
"275",-122.56,38.18,"Callaway et al. 2012",14,807,"Saltmarsh",1.96,63.8,21.18,1.56,1.3,-0.34,NA,15.1131813148027,4.22148048587961
"276",-122.56,38.18,"Callaway et al. 2012",14,807,"Saltmarsh",1.96,78.8,21.18,1.56,1.3,-0.34,NA,15.1131813148027,5.21399157190146
"277",-122.56,38.18,"Callaway et al. 2012",14,807,"Saltmarsh",1.96,87.7,21.18,1.56,1.3,-0.34,NA,15.1131813148027,5.80288148294109
"278",-122.56,38.18,"Callaway et al. 2012",14,807,"Saltmarsh",1.96,53.5,21.18,1.56,1.3,-0.34,NA,15.1131813148027,3.53995620681127
"279",-122.56,38.18,"Callaway et al. 2012",14,807,"Saltmarsh",1.96,53.6,21.18,1.56,1.3,-0.34,NA,15.1131813148027,3.54657294738475
"280",-122.01,38.19,"Callaway et al. 2012",15.2,582,"Saltmarsh",1.96,74.9,20.66,1.55,1.3,1.57,NA,15.1131813148027,4.95593868953578
"281",-122.01,38.19,"Callaway et al. 2012",15.2,582,"Saltmarsh",1.96,79.1,20.66,1.55,1.3,1.57,NA,15.1131813148027,5.2338417936219
"282",-122.01,38.19,"Callaway et al. 2012",15.2,582,"Saltmarsh",1.96,118.4,20.66,1.55,1.3,1.57,NA,15.1131813148027,7.83422083899915
"283",-122.01,38.19,"Callaway et al. 2012",15.2,582,"Saltmarsh",1.96,121.5,20.66,1.55,1.3,1.57,NA,15.1131813148027,8.039339796777
"284",-122.01,38.19,"Callaway et al. 2012",15.2,582,"Saltmarsh",1.96,129.1,20.66,1.55,1.3,1.57,NA,15.1131813148027,8.5422120803614
"285",-122.01,38.19,"Callaway et al. 2012",15.2,582,"Saltmarsh",1.96,106.7,20.66,1.55,1.3,1.57,NA,15.1131813148027,7.0600621919021
"286",-122.14,37.6,"Callaway et al. 2012",14.8,428,"Saltmarsh",1.96,102.5,9.52,1.5,1.25,0,NA,15.1131813148027,6.78215908781598
"287",-122.14,37.6,"Callaway et al. 2012",14.8,428,"Saltmarsh",1.96,160.8,9.52,1.5,1.25,0,NA,15.1131813148027,10.6397188421542
"288",-122.14,37.6,"Callaway et al. 2012",14.8,428,"Saltmarsh",1.96,132.6,9.52,1.5,1.25,0,NA,15.1131813148027,8.77379800043317
"289",-122.14,37.6,"Callaway et al. 2012",14.8,428,"Saltmarsh",1.96,117.9,9.52,1.5,1.25,0,NA,15.1131813148027,7.80113713613175
"290",-76.89,37.55,"Campana 1998",14.3,1108,"Saltmarsh",3.81,114.61,9.12,0.23,0.17,-1,6.05,15.1131813148027,7.58344637126429
"291",-71.33,41.73,"Cary et al. 2015",9.9,1184,"Saltmarsh",2.72,133.41,1.5,0.61,0.47,NA,7.89,15.1131813148027,8.82739359907834
"292",-71.45,41.69,"Cary et al. 2015",9.7,1192,"Saltmarsh",2.72,237.82,1.4,0.62,0.47,2.53,7.87,15.1131813148027,15.7359324318478
"293",-71.37,41.51,"Cary et al. 2015",9.9,1177,"Saltmarsh",2.72,342.23,0.79,0.65,0.47,1.81,7.95,15.1131813148027,22.6444712646172
"294",-71.59,41.2,"Cary et al. 2015",10.3,1100,"Saltmarsh",2.72,139.21,2.15,0.74,0.53,-0.63,7.97,15.1131813148027,9.21116455234013
"295",-71.32,41.63,"Cary et al. 2015",10.2,1165,"Saltmarsh",2.72,168.21,0.96,0.6,0.47,2.56,7.92,15.1131813148027,11.130019318649
"296",-71.32,41.63,"Cary et al. 2015",10.2,1165,"Saltmarsh",2.72,133.41,0.96,0.6,0.47,2.56,7.92,15.1131813148027,8.82739359907834
"297",-75.16,38.79,"Chrzastowski et al. 1987",13,1096,"Saltmarsh",3,267.3,17.32,1.15,0.8,0,7.07,15.1131813148027,17.6865475529094
"298",-75.4,39.77,"Church 2006",12.5,1099,"Saltmarsh",2.93,197.76,11.7,1.57,1.03,0,5.57,15.1131813148027,13.0852661581121
"299",-75.18,39.86,"Church 2006",12.4,1109,"Saltmarsh",2.93,487.43,4.78,1.33,1.03,1.27,5.92,15.1131813148027,32.2519785773087
"300",-75.16,38.79,"Church et al 1981",13,1096,"Saltmarsh",3,273.24,17.32,1.15,0.8,0,7.07,15.1131813148027,18.079581942974
"301",-72.95,40.71,"Corman et al.  2012",11,1155,"Saltmarsh",3.5,121.5,6.09,0.91,0.65,0.99,7.77,15.1131813148027,8.039339796777
"302",-72.95,40.71,"Corman et al.  2012",11,1155,"Saltmarsh",3.5,151.8,6.09,0.91,0.65,0.99,7.77,15.1131813148027,10.0442121905411
"303",-81.47,31.34,"Craft 2007",19.3,1292,"Saltmarsh",3.17,110,1.93,1.41,1,0.44,6.89,15.1131813148027,7.27841463082691
"304",-81.4,31.32,"Craft 2007",19.5,1292,"Saltmarsh",3.17,145,1.93,1.41,1,0.16,7,15.1131813148027,9.59427383154456
"305",-81.3,31.33,"Craft 2007",19.4,1290,"Saltmarsh",3.17,35,14.33,1.4,0.99,0.19,7.17,15.1131813148027,2.31585920071765
"306",-81.36,31.45,"Craft 2007",19.3,1292,"Saltmarsh",3.17,30,11.44,1.45,0.98,0.79,7.15,15.1131813148027,1.9850221720437
"307",-81.32,31.42,"Craft 2007",19.2,1292,"Saltmarsh",3.17,40,11.44,1.45,0.98,0.07,7.17,15.1131813148027,2.6466962293916
"308",-81.28,31.39,"Craft 2007",19.2,1292,"Saltmarsh",3.17,30,11.44,1.45,0.98,0.46,7.2,15.1131813148027,1.9850221720437
"309",-81.41,31.54,"Craft 2007",19.2,1278,"Saltmarsh",3.17,15,11.44,1.45,0.98,1.27,7.15,15.1131813148027,0.992511086021851
"310",-81.3,31.55,"Craft 2007",19.1,1281,"Saltmarsh",3.17,25,11.44,1.45,0.98,0,7.26,15.1131813148027,1.65418514336975
"311",-81.22,31.52,"Craft 2007",19.1,1281,"Saltmarsh",3.17,24,11.44,1.45,0.98,-1,7.3,15.1131813148027,1.58801773763496
"312",-81.61,31.48,"Craft 2012",19.3,1289,"Saltmarsh",3.17,90,2.2,1.44,1.01,3.61,6.77,15.1131813148027,5.95506651613111
"313",-81.29,31.98,"Craft 2012",19.1,1254,"Saltmarsh",3.17,83,11.44,1.45,0.98,3.18,7.37,15.1131813148027,5.49189467598758
"314",-81.91,30.92,"Craft 2012",19.7,1311,"Saltmarsh",3.17,57,8.07,1.44,0.96,1.94,5.47,15.1131813148027,3.77154212688303
"315",-81.25,31.66,"Craft 2012",19.1,1281,"Saltmarsh",3.17,88,11.44,1.45,0.98,0,7.36,15.1131813148027,5.82273170466153
"316",-76.73,35.37,"Craft et al. 1993",16.3,1314,"Saltmarsh",1.9,106.5,1.69,0.8,0.6,0.92,9.24,15.1131813148027,7.04682871075514
"317",-76.73,35.37,"Craft et al. 1993",16.3,1314,"Saltmarsh",1.9,145.5,1.69,0.8,0.6,0.92,9.24,15.1131813148027,9.62735753441196
"318",-75.54,35.78,"Craft et al. 1993",16.5,1322,"Saltmarsh",1.9,58.9,3.89,0.75,0.56,0,9.19,15.1131813148027,3.89726019777914
"319",-75.54,35.78,"Craft et al. 1993",16.5,1322,"Saltmarsh",1.9,21.3,3.89,0.75,0.56,0,9.19,15.1131813148027,1.40936574215103
"320",-74.43,39.54,"Darke et al 2015",11.9,1107,"Saltmarsh",0.2,152,7.71,0.93,0.67,0.01,7.13,15.1131813148027,10.0574456716881
"321",-74.42,39.51,"Darke et al 2015",11.9,1107,"Saltmarsh",0.21,118,7.71,0.93,0.67,-0.1,7.16,15.1131813148027,7.80775387670523
"322",-70.81,42.78,"Darke et al 2015",10.9,1159,"Saltmarsh",0.2,116,2.44,4.45,2.78,0.66,7.4,15.1131813148027,7.67541906523565
"323",-70.81,42.76,"Darke et al 2015",10.9,1159,"Saltmarsh",0.21,170,2.44,4.45,2.78,0.63,7.42,15.1131813148027,11.2484589749143
"324",-70.57,43.32,"Darke et al 2015",8.3,1154,"Saltmarsh",0.2,41,1.15,4.65,2.81,1.86,6.66,15.1131813148027,2.71286363512639
"325",-70.59,43.27,"Darke et al 2015",8.3,1154,"Saltmarsh",0.21,95,1.15,4.65,2.81,2.77,6.79,15.1131813148027,6.28590354480506
"326",-72.89,40.77,"Darke et al 2015",11,1155,"Saltmarsh",0.2,93,4.57,0.9,0.64,-1,7.77,15.1131813148027,6.15356873333548
"327",-72.89,40.77,"Darke et al 2015",11,1155,"Saltmarsh",0.21,114,4.57,0.9,0.64,0.79,7.77,15.1131813148027,7.54308425376607
"328",-90.14,29.21,"Delaune 1978 ",20.6,1544,"Saltmarsh",9.05,330.39,17.03,0.45,0.29,0.74,8.18,15.1131813148027,21.8610491807173
"329",-90.14,29.21,"Delaune 1978 ",20.6,1544,"Saltmarsh",9.05,519.42,17.03,0.45,0.29,0.74,8.18,15.1131813148027,34.3686738867647
"330",-90,29.24,"DeLaune et al 1986",20.6,1544,"Saltmarsh",9.05,198,17.03,0.45,0.29,1.65,8.23,15.1131813148027,13.1011463354884
"331",-90,29.24,"DeLaune et al 1986",20.6,1544,"Saltmarsh",9.05,165,17.03,0.45,0.29,1.03,8.23,15.1131813148027,10.9176219462404
"332",-89.93,29.28,"DeLaune et al 1986",20.6,1539,"Saltmarsh",9.05,314.34,17.03,0.45,0.29,0.03,8.24,15.1131813148027,20.7990623186739
"333",-89.92,29.29,"DeLaune et al 1986",20.6,1539,"Saltmarsh",9.05,135.72,17.03,0.45,0.29,0.76,8.24,15.1131813148027,8.98024030632571
"334",-71.32,41.63,"Donnelly and Bertness, 2001",10.2,1165,"Saltmarsh",2.72,144.47,0.96,0.6,0.47,NA,7.92,15.1131813148027,9.55920510650512
"335",-71.32,41.63,"Donnelly and Bertness, 2001",10.2,1165,"Saltmarsh",2.72,123.92,0.96,0.6,0.47,NA,7.92,15.1131813148027,8.19946491865519
"336",-71.32,41.63,"Donnelly and Bertness, 2001",10.2,1165,"Saltmarsh",2.72,133.45,0.96,0.6,0.47,NA,7.92,15.1131813148027,8.83004029530774
"337",-71.32,41.63,"Donnelly and Bertness, 2001",10.2,1165,"Saltmarsh",2.72,95.32,0.96,0.6,0.47,NA,7.92,15.1131813148027,6.30707711464019
"338",-71.3,41.72,"Donnelly and Bertness, 2001",9.9,1184,"Saltmarsh",2.72,68.54,1.5,0.61,0.47,3.49,7.89,15.1131813148027,4.53511398906251
"339",-71.3,41.72,"Donnelly and Bertness, 2001",9.9,1184,"Saltmarsh",2.72,109.9,1.5,0.61,0.47,3.49,7.89,15.1131813148027,7.27179789025343
"340",-79.17,33.49,"Drexler et al. 2013",17.6,1327,"Saltmarsh",3.9,100,3.43,1.1,0.77,NA,8.61,15.1131813148027,6.61674057347901
"341",-79.14,33.52,"Drexler et al. 2013",17.5,1310,"Saltmarsh",3.9,100,3.43,1.1,0.77,NA,8.64,15.1131813148027,6.61674057347901
"342",-79.14,33.52,"Drexler et al. 2013",17.5,1310,"Saltmarsh",3.9,100,3.43,1.1,0.77,NA,8.64,15.1131813148027,6.61674057347901
"343",-79.16,33.52,"Drexler et al. 2013",17.5,1310,"Saltmarsh",3.9,300,3.43,1.1,0.77,NA,8.62,15.1131813148027,19.850221720437
"344",-79.16,33.52,"Drexler et al. 2013",17.5,1310,"Saltmarsh",3.9,300,3.43,1.1,0.77,NA,8.62,15.1131813148027,19.850221720437
"345",-79.17,33.54,"Drexler et al. 2013",17.5,1306,"Saltmarsh",3.9,50,3.43,1.1,0.77,NA,8.6,15.1131813148027,3.3083702867395
"346",-79.17,33.54,"Drexler et al. 2013",17.5,1306,"Saltmarsh",3.9,100,3.43,1.1,0.77,NA,8.6,15.1131813148027,6.61674057347901
"347",-79.15,33.52,"Drexler et al. 2013",17.5,1310,"Saltmarsh",3.9,400,3.43,1.1,0.77,NA,8.63,15.1131813148027,26.466962293916
"348",-79.15,33.52,"Drexler et al. 2013",17.5,1310,"Saltmarsh",3.9,300,3.43,1.1,0.77,NA,8.63,15.1131813148027,19.850221720437
"349",-79.16,33.52,"Drexler et al. 2013",17.5,1310,"Saltmarsh",3.9,120,3.43,1.1,0.77,NA,8.62,15.1131813148027,7.94008868817481
"350",-73.14,40.96,"Flessa et al. 1977",10.9,1159,"Saltmarsh",2.44,87.25,2.3,0.91,0.69,0.12,7.26,15.1131813148027,5.77310615036044
"351",-67.15,44.85,"Goodman et al. 2007",6.2,1171,"Saltmarsh",2.4,119.47,1.2,5.63,3.44,NA,5.52,15.1131813148027,7.90501996313537
"352",-67.46,44.73,"Goodman et al. 2007",6.2,1222,"Saltmarsh",1.5,63.05,1.2,5.63,3.44,1.53,5.74,15.1131813148027,4.17185493157851
"353",-69.61,44.04,"Goodman et al. 2007",7.5,1140,"Saltmarsh",2.9,120.15,2.75,4.54,2.79,-2,5.64,15.1131813148027,7.95001379903503
"354",-67.63,44.54,"Goodman et al. 2007",6.3,1249,"Saltmarsh",2.2,135.79,1.2,5.63,3.44,1.08,5.89,15.1131813148027,8.98487202472715
"355",-67.38,44.63,"Goodman et al. 2007",6.3,1242,"Saltmarsh",1.5,59.1,1.2,5.63,3.44,5.53,5.81,15.1131813148027,3.91049367892609
"356",-69.57,43.94,"Goodman et al. 2007",7.7,1156,"Saltmarsh",2.8,51.69,2.75,4.54,2.79,6.89,5.94,15.1131813148027,3.4201932024313
"357",-69.55,44.02,"Goodman et al. 2007",7.5,1140,"Saltmarsh",2.9,137.71,1.6,4.54,2.85,NA,5.75,15.1131813148027,9.11191344373794
"358",-69.57,43.98,"Goodman et al. 2007",7.7,1156,"Saltmarsh",2.9,117.28,2.75,4.54,2.79,2.5,5.84,15.1131813148027,7.76011334457618
"359",-70.35,43.56,"Goodman et al. 2007",7.9,1147,"Saltmarsh",2.3,112.09,1.07,4.57,2.8,0,6.19,15.1131813148027,7.41670450881262
"360",-70.35,43.56,"Goodman et al. 2007",7.9,1147,"Saltmarsh",2.3,54.52,1.07,4.57,2.8,0,6.19,15.1131813148027,3.60744696066076
"361",-69.98,43.87,"Goodman et al. 2007",7.6,1142,"Saltmarsh",2.3,55.09,2.75,4.54,2.79,4.78,5.69,15.1131813148027,3.64516238192959
"362",-76.77,37.57,"Greiner and Hershner 1998",14.3,1110,"Saltmarsh",3.81,99.29,9.12,0.23,0.17,NA,6.15,15.1131813148027,6.56976171540731
"363",-76.8,37.55,"Greiner and Hershner 1998",14.3,1110,"Saltmarsh",3.81,150.27,9.12,0.23,0.17,5.94,6.17,15.1131813148027,9.94297605976691
"364",-76.8,37.55,"Greiner and Hershner 1998",14.3,1110,"Saltmarsh",3.81,142.31,9.12,0.23,0.17,1.56,6.18,15.1131813148027,9.41628351011798
"365",-76.77,37.61,"Greiner and Hershner 1998",14.3,1110,"Saltmarsh",3.81,229.65,9.12,0.23,0.17,NA,6.05,15.1131813148027,15.1953447269945
"366",-90.54,29.87,"Hatton et al. 1983",20,1608,"Saltmarsh",9.05,238.5,14.63,0.43,0.25,0.24,7.53,15.1131813148027,15.7809262677474
"367",-90.54,29.87,"Hatton et al. 1983",20,1608,"Saltmarsh",9.05,153,14.63,0.43,0.25,0.24,7.53,15.1131813148027,10.1236130774229
"368",-90.24,29.61,"Hatton et al. 1983",20.4,1594,"Saltmarsh",9.05,134.5,17.03,0.45,0.29,0.07,8.03,15.1131813148027,8.89951607132927
"369",-90.24,29.61,"Hatton et al. 1983",20.4,1594,"Saltmarsh",9.05,398.5,17.03,0.45,0.29,0.07,8.03,15.1131813148027,26.3677111853139
"370",-90.17,29.34,"Hatton et al. 1983",20.5,1568,"Saltmarsh",9.05,174,17.03,0.45,0.29,0.28,8.15,15.1131813148027,11.5131285978535
"371",-90.17,29.34,"Hatton et al. 1983",20.5,1568,"Saltmarsh",9.05,413,17.03,0.45,0.29,0.28,8.15,15.1131813148027,27.3271385684683
"372",-90.08,29.23,"Hatton et al. 1983",20.6,1544,"Saltmarsh",9.05,217.5,17.03,0.45,0.29,0.76,8.21,15.1131813148027,14.3914107473168
"373",-90.08,29.23,"Hatton et al. 1983",20.6,1544,"Saltmarsh",9.05,337.5,17.03,0.45,0.29,0.76,8.21,15.1131813148027,22.3314994354917
"374",-75.83,37.45,"Kastler and Wiberg 1996",14.6,1051,"Saltmarsh",4.07,55.33,8.32,0.44,0.52,-1,7.61,15.1131813148027,3.66104255930594
"375",-75.71,37.47,"Kastler and Wiberg 1996",14.5,1046,"Saltmarsh",4.07,85.45,8.32,0.44,0.52,-2,7.79,15.1131813148027,5.65400482003781
"376",-75.83,38.23,"Kearney and Stevenson 1991",13.5,1081,"Saltmarsh",3.74,152.15,9.98,0.54,0.43,-3,6.85,15.1131813148027,10.0673707825483
"377",-75.82,38.22,"Kearney and Stevenson 1991",13.5,1081,"Saltmarsh",3.74,263.63,9.98,0.54,0.43,0,6.91,15.1131813148027,17.4437131738627
"378",-75.82,38.22,"Kearney and Stevenson 1991",13.5,1081,"Saltmarsh",3.74,134.76,9.98,0.54,0.43,0,6.91,15.1131813148027,8.91671959682031
"379",-75.85,38.23,"Kearney and Stevenson 1991",13.7,1070,"Saltmarsh",3.74,206.13,9.98,0.54,0.43,0.75,6.81,15.1131813148027,13.6390873441123
"380",-75.79,38.49,"Kearney and Ward 1986",13.4,1103,"Saltmarsh",3.69,777,6.34,0.61,0.5,1.38,6.52,15.1131813148027,51.4120742559319
"381",-76.71,38.78,"Khan and Brush 1994",13,1060,"Saltmarsh",3.74,250,5.07,0.61,0.49,0.35,3.9,15.1131813148027,16.5418514336975
"382",-76.71,38.78,"Khan and Brush 1994",13,1060,"Saltmarsh",3.74,50,5.07,0.61,0.49,0,3.9,15.1131813148027,3.3083702867395
"383",-81.1,31.87,"Loomis and Craft 2010",19,1259,"Saltmarsh",3.17,28.24,11.44,1.45,0.98,0,7.53,15.1131813148027,1.86856753795047
"384",-81.15,31.91,"Loomis and Craft 2010",19,1259,"Saltmarsh",3.17,48.79,11.44,1.45,0.98,0.53,7.52,15.1131813148027,3.22830772580041
"385",-81.26,31.92,"Loomis and Craft 2010",19.1,1254,"Saltmarsh",3.17,107.14,11.44,1.45,0.98,0.11,7.46,15.1131813148027,7.08917585042541
"386",-81.34,31.35,"Loomis and Craft 2010",19.3,1292,"Saltmarsh",3.17,22.41,1.93,1.41,1,0.6,7.12,15.1131813148027,1.48281156251665
"387",-81.4,31.3,"Loomis and Craft 2010",19.5,1292,"Saltmarsh",3.17,107.9,1.93,1.41,1,0,6.97,15.1131813148027,7.13946307878385
"388",-81.51,31.35,"Loomis and Craft 2010",19.3,1289,"Saltmarsh",3.17,107.73,2.2,1.44,1.01,3.8,6.82,15.1131813148027,7.12821461980894
"389",-81.51,30.99,"Loomis and Craft 2010",19.8,1292,"Saltmarsh",3.17,25.86,8.07,1.44,0.96,0.42,6.44,15.1131813148027,1.71108911230167
"390",-81.57,31,"Loomis and Craft 2010",19.8,1292,"Saltmarsh",3.17,59.32,8.07,1.44,0.96,0.66,6.27,15.1131813148027,3.92505050818775
"391",-81.75,30.98,"Loomis and Craft 2010",19.8,1304,"Saltmarsh",3.17,116.71,8.07,1.44,0.96,1.13,5.83,15.1131813148027,7.72239792330735
"392",-72.86,41.26,"McCaffrey and Thomson 1980",10.4,1130,"Saltmarsh",2.81,150,4.83,0.79,0.59,0.79,7.32,15.1131813148027,9.92511086021851
"393",-70.51,41.55,"Gonneea et al. 2018",9.9,1178,"Saltmarsh",2.7,121.72,2.28,1.23,0.33,0.54,7.92,15.1131813148027,8.05389662603865
"394",-70.51,41.55,"Gonneea et al. 2018",9.9,1178,"Saltmarsh",2.7,53.12,2.28,1.23,0.33,0.52,7.92,15.1131813148027,3.51481259263205
"395",-70.51,41.55,"Gonneea et al. 2018",9.9,1178,"Saltmarsh",2.7,118.38,2.28,1.23,0.33,0,7.92,15.1131813148027,7.83289749088445
"396",-70.58,41.56,"Gonneea et al. 2018",9.9,1178,"Saltmarsh",2.7,114.55,1.96,0.43,0.33,0,7.93,15.1131813148027,7.5794763269202
"397",-70.58,41.56,"Gonneea et al. 2018",9.9,1178,"Saltmarsh",2.7,90.85,1.96,0.43,0.33,-4,7.93,15.1131813148027,6.01130881100568
"398",-70.58,41.56,"Gonneea et al. 2018",9.9,1178,"Saltmarsh",2.7,139.33,1.96,0.43,0.33,-4,7.92,15.1131813148027,9.2191046410283
"399",-70.5,41.58,"Gonneea et al. 2018",9.9,1178,"Saltmarsh",2.7,120.96,2.28,1.23,0.33,0,7.92,15.1131813148027,8.00360939768021
"400",-70.5,41.58,"Gonneea et al. 2018",9.9,1178,"Saltmarsh",2.7,95.89,2.28,1.23,0.33,-1,7.92,15.1131813148027,6.34479253590902
"401",-70.5,41.58,"Gonneea et al. 2018",9.9,1178,"Saltmarsh",2.7,122.89,2.28,1.23,0.33,-1,7.92,15.1131813148027,8.13131249074835
"402",-70.54,41.56,"Gonneea et al. 2018",9.9,1178,"Saltmarsh",2.7,93.67,1.96,0.43,0.33,1.75,7.92,15.1131813148027,6.19790089517779
"403",-70.54,41.56,"Gonneea et al. 2018",9.9,1178,"Saltmarsh",2.7,111.5,1.96,0.43,0.33,1.25,7.92,15.1131813148027,7.3776657394291
"404",-76.89,37.55,"Neubauer et al 2002",14.3,1108,"Saltmarsh",3.81,174.49,9.12,0.23,0.17,-1,6.05,15.1131813148027,11.5455506266635
"405",-81.13,32.17,"Noe et al 2016",18.8,1256,"Saltmarsh",3.17,48,11.2,1.36,0.97,0.3,7.34,15.1131813148027,3.17603547526992
"406",-79.34,33.34,"Noe et al 2016",17.7,1302,"Saltmarsh",3.17,69,9.25,0.99,0.71,2.01,8.48,15.1131813148027,4.56555099570052
"407",-90.24,29.61,"Nyman et al 1990",20.4,1594,"Saltmarsh",9.05,347.65,17.03,0.45,0.29,0.07,8.03,15.1131813148027,23.0030986036998
"408",-90.54,29.87,"Nyman et al 1990",20,1608,"Saltmarsh",9.05,81.09,14.63,0.43,0.25,0.24,7.53,15.1131813148027,5.36551493103413
"409",-90.54,29.87,"Nyman et al 1990",20,1608,"Saltmarsh",9.05,231.05,14.63,0.43,0.25,0.24,7.53,15.1131813148027,15.2879790950232
"410",-90.24,29.61,"Nyman et al 1990",20.4,1594,"Saltmarsh",9.05,130.56,17.03,0.45,0.29,0.07,8.03,15.1131813148027,8.63881649273419
"411",-89.92,29.29,"Nyman et al 1990",20.6,1539,"Saltmarsh",9.05,380.7,17.03,0.45,0.29,0.76,8.24,15.1131813148027,25.1899313632346
"412",-90.55,29.39,"Nyman et al 1993",20.4,1597,"Saltmarsh",9.05,622.5,17.03,0.45,0.29,0,7.87,15.1131813148027,41.1892100699068
"413",-90.55,29.39,"Nyman et al 1995",20.4,1597,"Saltmarsh",9.05,283.5,17.03,0.45,0.29,0,7.87,15.1131813148027,18.758459525813
"414",-90.55,29.39,"Nyman et al 1995",20.4,1597,"Saltmarsh",9.05,220,17.03,0.45,0.29,0,7.87,15.1131813148027,14.5568292616538
"415",-90.55,29.39,"Nyman et al 1995",20.4,1597,"Saltmarsh",9.05,288,17.03,0.45,0.29,0,7.87,15.1131813148027,19.0562128516195
"416",-90.55,29.39,"Nyman et al 1995",20.4,1597,"Saltmarsh",9.05,219.5,17.03,0.45,0.29,0,7.87,15.1131813148027,14.5237455587864
"417",-90.55,29.39,"Nyman et al 1995",20.4,1597,"Saltmarsh",9.05,155,17.03,0.45,0.29,0,7.87,15.1131813148027,10.2559478888925
"418",-90.55,29.39,"Nyman et al 1995",20.4,1597,"Saltmarsh",9.05,203,17.03,0.45,0.29,0,7.87,15.1131813148027,13.4319833641624
"419",-90.55,29.39,"Nyman et al 1995",20.4,1597,"Saltmarsh",9.05,228,17.03,0.45,0.29,0,7.87,15.1131813148027,15.0861685075321
"420",-90.55,29.39,"Nyman et al 1995",20.4,1597,"Saltmarsh",9.05,388,17.03,0.45,0.29,0,7.87,15.1131813148027,25.6729534250986
"421",-90.55,29.39,"Nyman et al 1995",20.4,1597,"Saltmarsh",9.05,296,17.03,0.45,0.29,0,7.87,15.1131813148027,19.5855520974979
"422",-90.55,29.39,"Nyman et al 1995",20.4,1597,"Saltmarsh",9.05,398,17.03,0.45,0.29,0,7.87,15.1131813148027,26.3346274824465
"423",-90.55,29.39,"Nyman et al 1995",20.4,1597,"Saltmarsh",9.05,217,17.03,0.45,0.29,0,7.87,15.1131813148027,14.3583270444494
"424",-90.55,29.39,"Nyman et al 1995",20.4,1597,"Saltmarsh",9.05,360,17.03,0.45,0.29,0,7.87,15.1131813148027,23.8202660645244
"425",-90.55,29.39,"Nyman et al 1995",20.4,1597,"Saltmarsh",9.05,312,17.03,0.45,0.29,0,7.87,15.1131813148027,20.6442305892545
"426",-90.55,29.39,"Nyman et al 1995",20.4,1597,"Saltmarsh",9.05,172.5,17.03,0.45,0.29,0,7.87,15.1131813148027,11.4138774892513
"427",-90.29,29.28,"Nyman et al. 2006",20.6,1550,"Saltmarsh",9.05,228,17.03,0.45,0.29,0.63,8.08,15.1131813148027,15.0861685075321
"428",-92.95,29.9,"Nyman et al. 2006",19.9,1466,"Saltmarsh",9.05,310.5,20.75,0.65,0.44,0.02,4.83,15.1131813148027,20.5449794806523
"429",-90.33,29.77,"Nyman et al. 2006",20.4,1589,"Saltmarsh",9.05,308.5,14.86,0.37,0.23,0.09,7.87,15.1131813148027,20.4126446691827
"430",-93.05,29.92,"Nyman et al. 2006",20,1446,"Saltmarsh",9.05,312.06,20.75,0.65,0.44,0,4.72,15.1131813148027,20.6482006335986
"431",-90.54,29.41,"Nyman et al. 2006",20.4,1597,"Saltmarsh",9.05,309,17.03,0.45,0.29,-0.35,7.87,15.1131813148027,20.4457283720501
"432",-91.03,29.41,"Nyman et al. 2006",20.4,1607,"Saltmarsh",9.05,212,17.03,0.45,0.29,0.01,7.17,15.1131813148027,14.0274900157755
"433",-90.54,29.41,"Nyman et al. 2006",20.4,1597,"Saltmarsh",9.05,271,17.03,0.45,0.29,-0.35,7.87,15.1131813148027,17.9313669541281
"434",-91.03,29.41,"Nyman et al. 2006",20.4,1607,"Saltmarsh",9.05,302,17.03,0.45,0.29,0.01,7.17,15.1131813148027,19.9825565319066
"435",-71.87,41.34,"Orson and Niering1998",9.8,1212,"Saltmarsh",2.55,94.18,2.54,0.77,0.54,0,7.92,15.1131813148027,6.23164627210253
"436",-71.86,41.33,"Orson and Niering1998",9.8,1212,"Saltmarsh",2.55,164.18,2,0.77,0.55,2.58,7.92,15.1131813148027,10.8633646735378
"437",-71.87,41.34,"Orson and Niering1998",9.8,1212,"Saltmarsh",2.55,97.04,2.54,0.77,0.54,1.23,7.92,15.1131813148027,6.42088505250403
"438",-75.17,39.86,"Orson et al. 1990",12.4,1109,"Saltmarsh",3.4,100,3.64,1.23,1.1,1.61,5.93,15.1131813148027,6.61674057347901
"439",-75.17,39.86,"Orson et al. 1990",12.4,1109,"Saltmarsh",3.4,110,3.64,1.23,1.1,2.21,5.93,15.1131813148027,7.27841463082691
"440",-75.17,39.86,"Orson et al. 1990",12.4,1109,"Saltmarsh",3.4,128,3.64,1.23,1.1,2.21,5.93,15.1131813148027,8.46942793405313
"441",-75.17,39.86,"Orson et al. 1990",12.4,1109,"Saltmarsh",3.4,130,3.64,1.23,1.1,-1,5.93,15.1131813148027,8.60176274552271
"442",-69.95,41.83,"Roman et al. 1997",9.5,1122,"Saltmarsh",2.4,256.5,2.61,3.86,2.39,0.4,7.87,15.1131813148027,16.9719395709737
"443",-69.95,41.84,"Roman et al. 1997",9.5,1124,"Saltmarsh",2.4,131.1,2.61,3.86,2.39,-1,7.87,15.1131813148027,8.67454689183098
"444",-69.95,41.84,"Roman et al. 1997",9.5,1124,"Saltmarsh",2.4,193.8,2.61,3.86,2.39,4.56,7.87,15.1131813148027,12.8232432314023
"445",-70.84,42.73,"Semien 2012",9.5,1124,"Saltmarsh",2,73.25,2.68,4.45,2.81,0.73,7.43,15.1131813148027,4.84676247007337
"446",-70.84,42.73,"Semien 2012",9.5,1124,"Saltmarsh",2,79.48,2.68,4.45,2.81,0.73,7.43,15.1131813148027,5.25898540780112
"447",-70.84,42.73,"Semien 2012",9.5,1124,"Saltmarsh",2,57.11,2.68,4.45,2.81,0.73,7.43,15.1131813148027,3.77882054151386
"448",-76.06,38.42,"Stevenson et al. 1985",13.7,1089,"Saltmarsh",3.87,175.16,9.98,0.54,0.43,-1,6.07,15.1131813148027,11.5898827885058
"449",-76.06,38.42,"Stevenson et al. 1985",13.7,1089,"Saltmarsh",3.87,77.63,9.98,0.54,0.43,-1,6.07,15.1131813148027,5.13657570719175
"450",-74.27,40.57,"Sturdevant et al. 2002",11.6,1189,"Saltmarsh",4.35,160,1.48,1.11,0.8,-3,6.11,15.1131813148027,10.5867849175664
"451",-74.27,40.57,"Sturdevant et al. 2002",11.6,1189,"Saltmarsh",4.35,97.5,1.48,1.11,0.8,0.45,6.11,15.1131813148027,6.45132205914203
"452",-74.27,40.56,"Sturdevant et al. 2002",11.6,1189,"Saltmarsh",4.35,132,1.48,1.11,0.8,-1,6.12,15.1131813148027,8.73409755699229
"453",-74.27,40.56,"Sturdevant et al. 2002",11.6,1189,"Saltmarsh",4.35,142,1.48,1.11,0.8,0,6.12,15.1131813148027,9.39577161434019
"454",-124.19,43.37,"Thom 1992",11.1,1631,"Saltmarsh",1.7,110.15,1.68,2.04,1.67,0.19,NA,15.1131813148027,7.28833974168713
"455",-124,46.84,"Thom 1992",9.9,2052,"Saltmarsh",1.3,114,5.61,2.33,1.91,0.73,NA,15.1131813148027,7.54308425376607
"456",-124,46.84,"Thom 1992",9.9,2052,"Saltmarsh",1.3,119.69,5.61,2.33,1.91,0.73,NA,15.1131813148027,7.91957679239703
"457",-122.69,47.1,"Thom 1992",10.4,1161,"Saltmarsh",2,101.53,0.56,2.42,2.08,0,NA,15.1131813148027,6.71797670425324
"458",-122.69,47.1,"Thom 1992",10.4,1161,"Saltmarsh",2,76.5,0.56,2.42,2.08,0,NA,15.1131813148027,5.06180653871144
"459",-122.69,47.1,"Thom 1992",10.4,1161,"Saltmarsh",2,104.54,0.56,2.42,2.08,0,NA,15.1131813148027,6.91714059551496
"460",-122.69,47.1,"Thom 1992",10.4,1161,"Saltmarsh",2,108,0.56,2.42,2.08,0,NA,15.1131813148027,7.14607981935733
"461",-122.49,48.51,"Thom 1992",9.6,990,"Saltmarsh",0.8,156.81,1.99,2.61,2.07,0,NA,15.1131813148027,10.3757108932724
"462",-124.35,47.53,"Thom 1992",9.5,3087,"Saltmarsh",1.7,110.15,2.19,2.03,1.76,-0.22,NA,15.1131813148027,7.28833974168713
"463",-124.35,47.53,"Thom 1992",9.5,3087,"Saltmarsh",1.7,100.77,2.19,2.03,1.76,-0.22,NA,15.1131813148027,6.6676894758948
"464",-123.05,48.08,"Thom 1992",9.2,744,"Saltmarsh",0.6,110.15,0.74,2.45,2,0.32,NA,15.1131813148027,7.28833974168713
"465",-79.19,33.32,"Vogel et al 1996",17.6,1330,"Saltmarsh",2,242.6,9.25,0.99,0.71,-4,8.64,15.1131813148027,16.0522126312601
"466",-79.17,33.34,"Vogel et al 1996",17.6,1327,"Saltmarsh",2,121.8,9.25,0.99,0.71,-3,8.66,15.1131813148027,8.05919001849743
"467",-79.2,33.32,"Vogel et al 1996",17.6,1330,"Saltmarsh",2,205.38,9.25,0.99,0.71,-3,8.64,15.1131813148027,13.5894617898112
"468",-75.79,38.49,"Ward et al 1998",13.4,1103,"Saltmarsh",3.69,175.3,6.34,0.61,0.5,1.38,6.52,15.1131813148027,11.5991462253087
"469",-75.82,38.47,"Ward et al 1998",13.4,1103,"Saltmarsh",3.69,175.3,6.34,0.61,0.5,-1,6.48,15.1131813148027,11.5991462253087
"470",-75.83,38.45,"Ward et al 1998",13.4,1103,"Saltmarsh",3.69,285.24,9.98,0.54,0.43,-1,6.48,15.1131813148027,18.8735908117915
"471",-75.83,38.45,"Ward et al 1998",13.4,1103,"Saltmarsh",3.69,285.24,9.98,0.54,0.43,-1,6.48,15.1131813148027,18.8735908117915
"472",-75.79,38.49,"Ward et al 1998",13.4,1103,"Saltmarsh",3.69,495.67,6.34,0.61,0.5,1.38,6.52,15.1131813148027,32.7971980005634
"473",-75.82,38.48,"Ward et al 1998",13.4,1103,"Saltmarsh",3.69,495.67,6.34,0.61,0.5,-1,6.46,15.1131813148027,32.7971980005634
"474",-75.81,38.48,"Ward et al 1998",13.4,1103,"Saltmarsh",3.69,143.66,6.34,0.61,0.5,-1,6.47,15.1131813148027,9.50560950785994
"475",-75.81,38.48,"Ward et al 1998",13.4,1103,"Saltmarsh",3.69,143.66,6.34,0.61,0.5,-1,6.47,15.1131813148027,9.50560950785994
"476",-75.81,38.48,"Ward et al 1998",13.4,1103,"Saltmarsh",3.69,163.46,6.34,0.61,0.5,-1,6.47,15.1131813148027,10.8157241414088
"477",-75.8,38.5,"Ward et al 1998",13.4,1103,"Saltmarsh",3.69,685.9,6.34,0.61,0.5,-1,6.48,15.1131813148027,45.3842235934925
"478",-75.79,38.49,"Ward et al 1998",13.4,1103,"Saltmarsh",3.69,181.06,6.34,0.61,0.5,1.38,6.52,15.1131813148027,11.9802704823411
"479",-75.84,38.41,"Ward et al 1998",13.6,1095,"Saltmarsh",3.69,181.06,9.98,0.54,0.43,0,6.51,15.1131813148027,11.9802704823411
"480",-75.79,38.49,"Ward et al 1998",13.4,1103,"Saltmarsh",3.69,115.92,6.34,0.61,0.5,1.38,6.52,15.1131813148027,7.67012567277687
"481",-75.92,38.35,"Ward et al 1998",13.6,1095,"Saltmarsh",3.69,115.92,9.98,0.54,0.43,-2,6.49,15.1131813148027,7.67012567277687
"482",-75.84,38.22,"Ward et al 1998",13.7,1070,"Saltmarsh",3.69,39.48,9.98,0.54,0.43,-2,6.88,15.1131813148027,2.61228917840951
"483",-75.83,38.23,"Ward et al 1998",13.5,1081,"Saltmarsh",3.69,198.19,9.98,0.54,0.43,0,6.87,15.1131813148027,13.113718142578
"484",-75.82,38.23,"Ward et al 1998",13.5,1081,"Saltmarsh",3.69,6.3,9.98,0.54,0.43,0,6.88,15.1131813148027,0.416854656129178
"485",-75.84,38.23,"Ward et al 1998",13.7,1070,"Saltmarsh",3.69,43.68,9.98,0.54,0.43,-2,6.85,15.1131813148027,2.89019228249563
"486",-75.8,38.22,"Ward et al 1998",13.5,1081,"Saltmarsh",3.69,110.7,9.98,0.54,0.43,-1,6.93,15.1131813148027,7.32473181484126
"487",-75.81,38.21,"Ward et al 1998",13.5,1081,"Saltmarsh",3.69,83.54,9.98,0.54,0.43,-2,6.94,15.1131813148027,5.52762507508436
"488",-75.81,38.21,"Ward et al 1998",13.5,1081,"Saltmarsh",3.69,137.94,9.98,0.54,0.43,-3,6.94,15.1131813148027,9.12713194705695
"489",-75.82,38.21,"Ward et al 1998",13.5,1081,"Saltmarsh",3.69,79.14,9.98,0.54,0.43,0,6.92,15.1131813148027,5.23648848985129
"490",-75.82,38.21,"Ward et al 1998",13.5,1081,"Saltmarsh",3.69,65.27,9.98,0.54,0.43,-3,6.91,15.1131813148027,4.31874657230975
"491",-75.83,38.22,"Ward et al 1998",13.5,1081,"Saltmarsh",3.69,95.58,9.98,0.54,0.43,-2,6.9,15.1131813148027,6.32428064013124
"492",-75.82,38.23,"Ward et al 1998",13.5,1081,"Saltmarsh",3.69,47.04,9.98,0.54,0.43,0.17,6.86,15.1131813148027,3.11251476576453
"493",-75.81,38.21,"Ward et al 1998",13.5,1081,"Saltmarsh",3.69,126.14,9.98,0.54,0.43,2.17,6.94,15.1131813148027,8.34635655938642
"494",-75.81,38.23,"Ward et al 1998",13.5,1081,"Saltmarsh",3.69,130.2,9.98,0.54,0.43,-4,6.9,15.1131813148027,8.61499622666967
"495",-75.8,38.23,"Ward et al 1998",13.5,1081,"Saltmarsh",3.69,301.41,9.98,0.54,0.43,-2,6.9,15.1131813148027,19.9435177625231
"496",-75.81,38.21,"Ward et al 1998",13.5,1081,"Saltmarsh",3.69,136.22,9.98,0.54,0.43,2.17,6.94,15.1131813148027,9.01332400919311
"497",-75.81,38.21,"Ward et al 1998",13.5,1081,"Saltmarsh",3.69,188.25,9.98,0.54,0.43,0,6.94,15.1131813148027,12.4560141295742
"498",-75.41,39.43,"Weston et al. 2014",12.6,1073,"Saltmarsh",3.4,335.8,23.64,1.54,1.03,-4,6.16,15.1131813148027,22.2190148457425
"499",-75.45,39.62,"Weston et al. 2014",12.4,1103,"Saltmarsh",3.4,250.4,20.58,1.57,1.03,-0.05,5.74,15.1131813148027,16.5683183959914
"500",-75.36,39.79,"Weston et al. 2014",12.5,1099,"Saltmarsh",3.4,109.8,9.3,1.57,1.03,-3,5.65,15.1131813148027,7.26518114967995
"501",-66.43,45.1,"Chmura 2001",6,1239,"Saltmarsh",2.1,101.64,3.3,7.08,4.3,2.98,4.58,15.1131813148027,6.72525511888406
"502",117.6,38.83,"Li et al 2003",12.3,567,"Saltmarsh",3,34.08,21.71,1.32,1.12,0.54,1,15.1131813148027,2.25498518744165
"503",117.6,38.83,"Li et al 2003",12.3,567,"Saltmarsh",3,27.77,21.71,1.32,1.12,0.54,1,15.1131813148027,1.83746885725512
"504",117.75,38.35,"Li et al 2003",12.4,577,"Saltmarsh",3,41.66,23.07,1.2,1.1,0,1,15.1131813148027,2.75653412291135
"505",117.75,38.35,"Li et al 2003",12.4,577,"Saltmarsh",3,27.77,23.07,1.2,1.1,0,1,15.1131813148027,1.83746885725512
"506",117.75,38.35,"Li et al 2003",12.4,577,"Saltmarsh",3,73.22,23.07,1.2,1.1,0,1,15.1131813148027,4.84477744790133
"507",117.75,38.35,"Li et al 2003",12.4,577,"Saltmarsh",3,61.85,23.07,1.2,1.1,0,1,15.1131813148027,4.09245404469677
"508",117.75,38.35,"Li et al 2003",12.4,577,"Saltmarsh",3,53.02,23.07,1.2,1.1,0,1,15.1131813148027,3.50819585205857
"509",117.75,38.35,"Li et al 2003",12.4,577,"Saltmarsh",3,378.7,23.07,1.2,1.1,0,1,15.1131813148027,25.057596551765
"510",117.75,38.35,"Li et al 2003",12.4,577,"Saltmarsh",3,378.7,23.07,1.2,1.1,0,1,15.1131813148027,25.057596551765
"511",117.56,38.67,"Li et al 2003",12.3,567,"Saltmarsh",3,161.58,22.53,1.36,1.19,0.18,1,15.1131813148027,10.6913294186274
"512",117.75,38.35,"Li et al 2003",12.4,577,"Saltmarsh",3,244.89,23.07,1.2,1.1,0,1,15.1131813148027,16.2037359903927
"513",-66.98,45.16,"Chmura et al 2003",6,1171,"Saltmarsh",2.75,156.49,3.3,7.08,4.3,2.45,5.18,15.1131813148027,10.3545373234373
"514",-66.43,45.1,"Chmura et al 2003",6,1239,"Saltmarsh",2.75,481.88,3.3,7.08,4.3,2.98,4.58,15.1131813148027,31.8847494754806
"515",-66.43,45.1,"Chmura et al 2003",6,1239,"Saltmarsh",2.75,110.85,3.3,7.08,4.3,2.98,4.58,15.1131813148027,7.33465692570148
"516",-66.16,45.19,"Chmura et al 2003",6,1291,"Saltmarsh",2.75,250.44,5.4,7.85,4.75,1.13,4.38,15.1131813148027,16.5709650922208
"517",-66.16,45.19,"Chmura et al 2003",6,1291,"Saltmarsh",2.75,169.82,5.4,7.85,4.75,1.13,4.38,15.1131813148027,11.2365488418821
"518",-65.55,45.34,"Chmura et al 2003",5.4,1266,"Saltmarsh",2.75,358.02,8.98,8.23,4.99,2.54,3.98,15.1131813148027,23.6892546011695
"519",-65.55,45.34,"Chmura et al 2003",5.4,1266,"Saltmarsh",2.75,205.2,8.98,8.23,4.99,2.54,3.98,15.1131813148027,13.5775516567789
"520",-64.79,45.62,"Chmura et al 2003",5.8,1153,"Saltmarsh",2.75,743.9,16.97,8.79,5.31,3.19,3.66,15.1131813148027,49.2219331261103
"521",-64.79,45.62,"Chmura et al 2003",5.8,1153,"Saltmarsh",2.75,270.96,16.97,8.79,5.31,3.19,3.66,15.1131813148027,17.9287202578987
"522",-64.61,45.94,"Chmura et al 2003",5.6,1141,"Saltmarsh",2.75,366.9,18.96,0.8,0.58,3.09,3.03,15.1131813148027,24.2768211640945
"523",-64.61,45.94,"Chmura et al 2003",5.6,1141,"Saltmarsh",2.75,631.73,18.96,0.8,0.58,3.09,3.03,15.1131813148027,41.7999352248389
"524",-64.35,45.87,"Chmura et al 2003",5.5,1142,"Saltmarsh",2.75,569.39,41.09,1.26,1.44,3.88,3.21,15.1131813148027,37.6750591513321
"525",-64.35,45.87,"Chmura et al 2003",5.5,1142,"Saltmarsh",2.75,362.38,41.09,1.26,1.44,3.88,3.21,15.1131813148027,23.9777444901732
"526",4.27,51.12,"Temmerman et al 2003",10.3,774,"Saltmarsh",2.35,168.71,7.18,3.1,2.33,1.02,NA,15.1131813148027,11.1631030215164
"527",4.27,51.12,"Temmerman et al 2003",10.3,774,"Saltmarsh",2.35,153.38,7.18,3.1,2.33,1.02,NA,15.1131813148027,10.1487566916021
"528",4.27,51.12,"Temmerman et al 2003",10.3,774,"Saltmarsh",2.35,230.06,7.18,3.1,2.33,1.02,NA,15.1131813148027,15.2224733633458
"529",4.27,51.12,"Temmerman et al 2003",10.3,774,"Saltmarsh",2.35,61.35,7.18,3.1,2.33,0.94,NA,15.1131813148027,4.05937034182937
"530",4.27,51.12,"Temmerman et al 2003",10.3,774,"Saltmarsh",2.35,230.06,7.18,3.1,2.33,0.94,NA,15.1131813148027,15.2224733633458
"531",4.27,51.12,"Temmerman et al 2003",10.3,774,"Saltmarsh",2.35,766.88,7.18,3.1,2.33,0.94,NA,15.1131813148027,50.7424601098958
"532",4.27,51.12,"Temmerman et al 2003",10.3,774,"Saltmarsh",2.35,306.75,7.18,3.1,2.33,1.26,NA,15.1131813148027,20.2968517091469
"533",4.27,51.12,"Temmerman et al 2003",10.3,774,"Saltmarsh",2.35,153.38,7.18,3.1,2.33,1.26,NA,15.1131813148027,10.1487566916021
"534",4.27,51.12,"Temmerman et al 2003",10.3,774,"Saltmarsh",2.35,153.38,7.18,3.1,2.33,1.26,NA,15.1131813148027,10.1487566916021
"535",3.72,51.35,"Temmerman et al 2003",10.1,744,"Saltmarsh",2.35,23.35,16.14,4.18,2.9,-1,NA,15.1131813148027,1.54500892390735
"536",3.72,51.35,"Temmerman et al 2003",10.1,744,"Saltmarsh",2.35,121.42,16.14,4.18,2.9,-1,NA,15.1131813148027,8.03404640431821
"537",3.72,51.35,"Temmerman et al 2003",10.1,744,"Saltmarsh",2.35,173.96,16.14,4.18,2.9,-1,NA,15.1131813148027,11.5104819016241
"538",3.72,51.35,"Temmerman et al 2003",10.1,744,"Saltmarsh",2.35,96.9,16.14,4.18,2.9,0,NA,15.1131813148027,6.41162161570116
"539",3.72,51.35,"Temmerman et al 2003",10.1,744,"Saltmarsh",2.35,198.48,16.14,4.18,2.9,0,NA,15.1131813148027,13.1329066902411
"540",3.72,51.35,"Temmerman et al 2003",10.1,744,"Saltmarsh",2.35,93.4,16.14,4.18,2.9,0,NA,15.1131813148027,6.18003569562939
"541",3.72,51.35,"Temmerman et al 2003",10.1,744,"Saltmarsh",2.35,467,16.14,4.18,2.9,0.73,NA,15.1131813148027,30.900178478147
"542",3.72,51.35,"Temmerman et al 2003",10.1,744,"Saltmarsh",2.35,1167.5,16.14,4.18,2.9,0,NA,15.1131813148027,77.2504461953674
"543",3.72,51.35,"Temmerman et al 2003",10.1,744,"Saltmarsh",2.35,60.71,16.14,4.18,2.9,0,NA,15.1131813148027,4.01702320215911
"544",3.72,51.35,"Temmerman et al 2003",10.1,744,"Saltmarsh",2.35,262.69,16.14,4.18,2.9,0,NA,15.1131813148027,17.381515812472
"545",3.72,51.35,"Temmerman et al 2003",10.1,744,"Saltmarsh",2.35,296.55,16.14,4.18,2.9,0,NA,15.1131813148027,19.621944170652
"546",-64.92,46.77,"Chmura 2004",5.1,1149,"Saltmarsh",2.3,125.99,5.4,1.52,1.18,1.48,1.86,15.1131813148027,8.3364314485262
"547",-64.92,46.77,"Chmura 2004",5.1,1149,"Saltmarsh",2.3,126.15,5.4,1.52,1.18,1.48,1.86,15.1131813148027,8.34701823344377
"548",-64.87,47.48,"Chmura 2004",4.6,1089,"Saltmarsh",2.3,82,5.4,1.52,1.18,0.2,1.23,15.1131813148027,5.42572727025279
"549",-63.43,44.66,"Chmura 2004",6.4,1405,"Saltmarsh",2.4,192.6,0.35,1.24,0.8,0.13,3.17,15.1131813148027,12.7438423445206
"550",-63.18,44.7,"Chmura 2004",6.3,1385,"Saltmarsh",2.4,131.6,0.35,1.24,0.8,-1,3.2,15.1131813148027,8.70763059469838
"551",-66.07,43.74,"Chmura 2004",6.7,1257,"Saltmarsh",2.8,142.35,2.43,3.42,2.06,0.46,3.01,15.1131813148027,9.41893020634737
"552",-65.81,43.67,"Chmura 2004",6.4,1274,"Saltmarsh",2.8,141.4,2.43,3.42,2.06,0.65,2.98,15.1131813148027,9.35607117089932
"553",-65.92,43.77,"Chmura 2004",6.6,1257,"Saltmarsh",2.8,94.35,2.43,3.42,2.06,0.1,3,15.1131813148027,6.24289473107744
"554",-63.17,46.42,"Chmura 2004",5.6,1111,"Saltmarsh",3.12,157.25,6.12,1.81,1.54,0,3.99,15.1131813148027,10.4048245517957
"555",-63.17,46.42,"Chmura 2004",5.6,1111,"Saltmarsh",3.12,110,6.12,1.81,1.54,0,3.99,15.1131813148027,7.27841463082691
"556",-63.73,46.5,"Chmura 2004",5.5,1073,"Saltmarsh",3.12,86.4,9.9,1.51,1.28,1.5,2.98,15.1131813148027,5.71686385548586
"557",-66.43,45.1,"Chmura 2004",6,1239,"Saltmarsh",2.1,87.98,3.3,7.08,4.3,2.98,4.58,15.1131813148027,5.82140835654683
"558",-66.36,45.12,"Chmura 2004",6,1239,"Saltmarsh",2.1,99.12,3.3,7.08,4.3,1.21,4.53,15.1131813148027,6.55851325643239
"559",-66.48,45.13,"Chmura 2004",6,1239,"Saltmarsh",2.1,109.5,3.3,7.08,4.3,2.68,4.64,15.1131813148027,7.24533092795951
"560",-66.98,45.16,"Hung 2006",6,1171,"Saltmarsh",2.75,282.15,3.3,7.08,4.3,2.45,5.18,15.1131813148027,18.669133528071
"561",151.72,-32.86,"Howe 2009",17.8,1119,"Saltmarsh",0.65,137,2.05,1.11,0.92,0.25,NA,15.1131813148027,9.06493458566624
"562",151.71,-32.84,"Howe 2009",17.8,1119,"Saltmarsh",0.65,64,2.05,1.11,0.92,0.95,NA,15.1131813148027,4.23471396702657
"563",120.63,33.57,"Liu et al 2010",14.3,988,"Saltmarsh",5.33,391.85,14.56,3.05,2.13,0,4.07,15.1131813148027,25.9276979371775
"564",120.62,33.57,"Liu et al 2010",14.3,988,"Saltmarsh",5.33,342.87,14.56,3.05,2.13,-2,4.06,15.1131813148027,22.6868184042875
"565",120.62,33.57,"Liu et al 2010",14.3,988,"Saltmarsh",5.33,238.58,14.56,3.05,2.13,-1,4.05,15.1131813148027,15.7862196602062
"566",120.61,33.57,"Liu et al 2010",14.3,988,"Saltmarsh",5.33,151.07,14.56,3.05,2.13,-2,4.03,15.1131813148027,9.99590998435474
"567",120.57,33.56,"Liu et al 2010",14.3,988,"Saltmarsh",5.33,134.93,14.56,3.05,2.13,0,4.05,15.1131813148027,8.92796805579523
"568",120.56,33.55,"Liu et al 2010",14.3,988,"Saltmarsh",5.33,95.24,14.56,3.05,2.13,-1,4.03,15.1131813148027,6.30178372218141
"569",120.56,33.58,"Gao et al 2011",14.3,988,"Saltmarsh",5.33,31.74,14.56,3.05,2.13,0,3.98,15.1131813148027,2.10015345802224
"570",120.56,33.58,"Gao et al 2011",14.3,988,"Saltmarsh",5.33,182.48,14.56,3.05,2.13,0,3.98,15.1131813148027,12.0742281984845
"571",120.56,33.58,"Gao et al 2011",14.3,988,"Saltmarsh",5.33,231.55,14.56,3.05,2.13,0,3.98,15.1131813148027,15.3210627978906
"572",120.56,33.58,"Gao et al 2011",14.3,988,"Saltmarsh",5.33,180.6,14.56,3.05,2.13,0,3.98,15.1131813148027,11.9498334757031
"573",120.56,33.58,"Gao et al 2011",14.3,988,"Saltmarsh",5.33,50.4,14.56,3.05,2.13,0,3.98,15.1131813148027,3.33483724903342
"574",120.56,33.58,"Gao et al 2011",14.3,988,"Saltmarsh",5.33,65.56,14.56,3.05,2.13,0,3.98,15.1131813148027,4.33793511997284
"575",121.36,32.42,"Li  et al 2011",14.8,1026,"Saltmarsh",5.33,22.34,12.82,2.76,2.19,0,5.85,15.1131813148027,1.47817984411521
"576",121.36,32.42,"Li  et al 2011",14.8,1026,"Saltmarsh",5.33,18.11,12.82,2.76,2.19,0,5.85,15.1131813148027,1.19829171785705
"577",119.16,37.77,"Wang et al 2014",12.2,586,"Saltmarsh",3,201.35,30.46,0.85,0.67,-1,1.76,15.1131813148027,13.3228071447
"578",153.41,-27.52,"Lovelock et al 2015",19.9,1463,"Saltmarsh",0.09,390.72,1.95,1.17,1,2.1,1.57,15.1131813148027,25.8529287686972
"579",153.44,-27.44,"Lovelock et al 2015",20,1472,"Saltmarsh",0.09,6.53,1.95,1.17,1,2.68,1.49,15.1131813148027,0.432073159448179
"580",153.26,-27.5,"Lovelock et al 2015",19.9,1314,"Saltmarsh",0.09,1.23,3.83,1.26,1.04,2.31,1.53,15.1131813148027,0.0813859090537918
"581",153.1,-27.35,"Lovelock et al 2015",20.2,1516,"Saltmarsh",0.09,54.66,6.55,1.3,1.13,1.56,1.08,15.1131813148027,3.61671039746363
"582",153.04,-27.3,"Lovelock et al 2015",20.3,1437,"Saltmarsh",0.09,10.08,6.55,1.3,1.13,4.94,1.04,15.1131813148027,0.666967449806684
"583",9.55,53.65,"Butzeck 2015",8.4,755,"Saltmarsh",2.53,170,6.93,3.13,2.1,-2,NA,15.1131813148027,11.2484589749143
"584",9.55,53.65,"Butzeck 2015",8.4,755,"Saltmarsh",2.53,405,6.93,3.13,2.1,-2,NA,15.1131813148027,26.79779932259
"585",9.03,53.9,"Butzeck 2015",8.4,790,"Saltmarsh",2.53,169,14.78,3.09,2.1,-1,NA,15.1131813148027,11.1822915691795
"586",9.03,53.9,"Butzeck 2015",8.4,790,"Saltmarsh",2.53,810.75,14.78,3.09,2.1,0.76,NA,15.1131813148027,53.6452241994811
"587",9.03,53.9,"Butzeck 2015",8.4,790,"Saltmarsh",2.53,48,14.78,3.09,2.1,0.76,NA,15.1131813148027,3.17603547526992
"588",8.88,53.97,"Butzeck 2015",8.4,791,"Saltmarsh",2.53,287,17.6,3.37,2.02,0,NA,15.1131813148027,18.9900454458848
"589",120.49,33.79,"Bao et al 2015",14.2,990,"Saltmarsh",5.33,165,24.57,1.64,1.15,0.74,3.58,15.1131813148027,10.9176219462404
"590",120.48,33.78,"Bao et al 2015",14.2,990,"Saltmarsh",5.33,116,24.57,1.64,1.15,0.66,3.58,15.1131813148027,7.67541906523565
"591",-75.1,38.4,"Elsey-Quirk et al 2011",13.2,1092,"Saltmarsh",5.59,154,6.58,0.89,0.63,0.17,7.57,15.1131813148027,10.1897804831577
"592",-75.1,38.4,"Elsey-Quirk et al 2011",13.2,1092,"Saltmarsh",5.59,119,6.58,0.89,0.63,0.33,7.57,15.1131813148027,7.87392128244002
"593",153.13,-30.3,"Sanders own data",18.3,1790,"Saltmarsh",0.99,147.67,0.88,1.14,0.96,1.39,1,15.1131813148027,9.77094080485645
"594",153.13,-30.3,"Sanders own data",18.3,1790,"Saltmarsh",0.99,92,0.88,1.14,0.96,2.3,1,15.1131813148027,6.08740132760069
"595",153.12,-30.3,"Sanders own data",18.3,1790,"Saltmarsh",0.99,100.33,0.88,1.14,0.96,4.88,1,15.1131813148027,6.63857581737149
"596",153.23,-29.98,"Sanders own data",19,1514,"Saltmarsh",0.99,199,0.88,1.14,0.96,4.81,1,15.1131813148027,13.1673137412232
"597",153.22,-29.97,"Sanders own data",19,1514,"Saltmarsh",0.99,29.74,0.88,1.14,0.96,2.95,1,15.1131813148027,1.96781864655266
"598",153.21,-29.98,"Sanders own data",19,1514,"Saltmarsh",0.99,119.95,0.88,1.14,0.96,2.83,1,15.1131813148027,7.93678031788807
"599",153.26,-29.88,"Sanders own data",19,1514,"Saltmarsh",0.99,56.64,0.88,1.14,0.96,NA,1.62,15.1131813148027,3.74772186081851
"600",153.27,-29.86,"Sanders own data",19,1514,"Saltmarsh",0.99,210.16,0.88,1.14,0.96,1.55,1.5,15.1131813148027,13.9057419892235
"601",153.43,-29.11,"Sanders own data",19.4,1523,"Saltmarsh",0.99,13.82,1.14,1.13,0.97,5.88,3.25,15.1131813148027,0.914433547254799
"602",153.2,-30.14,"Sanders own data",19.7,1753,"Saltmarsh",0.99,142.43,0.88,1.14,0.96,7.08,1,15.1131813148027,9.42422359880615
"603",-125.73,49.09,"Chastain et al 2018",9,3126,"Saltmarsh",-0.05,198,0.29,2.36,1.93,0.26,NA,15.1131813148027,13.1011463354884
"604",-125.73,49.09,"Chastain et al 2018",9,3126,"Saltmarsh",-0.05,37,0.29,2.36,1.93,0.26,NA,15.1131813148027,2.44819401218723
"605",-125.67,49.14,"Chastain et al 2018",8.7,2946,"Saltmarsh",-0.05,264,0.29,2.36,1.93,3.41,NA,15.1131813148027,17.4681951139846
"606",-125.28,49.28,"Chastain et al 2018",6,2298,"Saltmarsh",-0.05,156,0.09,4.23,3.59,NA,NA,15.1131813148027,10.3221152946273
"607",-125.13,49.13,"Chastain et al 2018",7.7,2393,"Saltmarsh",-0.05,75,0.09,4.23,3.59,0,NA,15.1131813148027,4.96255543010926
"608",49.57,27.29,"Saderne et al. 2018",25,94,"Saltmarsh",1.25,9.4,10.55,1.07,0.89,0.06,NA,15.1131813148027,0.621973613907027
"609",49.56,27.31,"Saderne et al. 2018",25,94,"Saltmarsh",1.25,6,10.55,1.07,0.89,-0.07,NA,15.1131813148027,0.39700443440874
"610",49.48,27.3,"Saderne et al. 2018",25.1,91,"Saltmarsh",1.25,5.1,10.55,1.07,0.89,0.49,NA,15.1131813148027,0.337453769247429
"611",50.02,26.74,"Saderne et al. 2018",25.5,83,"Saltmarsh",1.25,3.1,10.55,1.07,0.89,0.92,NA,15.1131813148027,0.205118957777849
"612",50,26.74,"Saderne et al. 2018",25.4,85,"Saltmarsh",1.25,12,10.55,1.07,0.89,0,NA,15.1131813148027,0.794008868817481
"613",50.01,26.66,"Saderne et al. 2018",25.4,85,"Saltmarsh",1.25,11.2,10.55,1.07,0.89,0.11,NA,15.1131813148027,0.741074944229649
